idImpianto;Gestore;Bandiera;Tipo Impianto;Nome Impianto;Indirizzo;Comune;Provincia;Latitudine;Longitudine
17720;A.NUARA E FIGLI SRL;Pompe Bianche;Altro; XXV APRILE  AGRIGENTO;VIA XXV APRILE  92100;AGRIGENTO;AG;37.31492626453715;13.571385517716408
23778;ALFONSO DI BENEDETTO CARBURANTI LUBRIFICANTI SRL;Pompe Bianche;Altro;A. Di Benedetto srl Via Imera Ag;VIA IMERA 10 92100;AGRIGENTO;AG;37.312390927445705;13.58591309570079
42421;EOS SERVICES S.R.L. A SOCIO UNICO;Q8;Altro;AG011;VIA POMPEI 54 92019;AGRIGENTO;AG;37.523664558937085;13.073832392692566
20438;SERVIZI & GESTIONI ITALIA S.R.L.;Q8;Altro;AGRIGENTO EX S.S.115 KM 191+222 VIL.MOSE;EX S.S.115 KM 191+222 VIL.MOSE  92100;AGRIGENTO;AG;37.27431987367583;13.614236337434363
25614;SERVIZI & GESTIONI ITALIA S.R.L.;Q8;Altro;AGRIGENTO VIA FOSSE ARDEATINE LOC.VILLASETA;VIA FOSSE ARDEATINE LOC.VILLASETA  92100;AGRIGENTO;AG;37.29582883251122;13.547611503041026
39653;ALBA ALESSANDRO;Agip Eni;Altro;AREA SI SERVIZIO ENI;CONTRADA SAN MICHELE SNC 92100;AGRIGENTO;AG;37.33398294716085;13.595558255910873
9254;DISTEFANO CARBURANTI DI DISTEFANO FABIO E C. S.A.S.;Q8;Strada Statale;BAR DELLA VALLE;Statale 640 di Porto Empedocle, Km. 10, dir. AG CL 92100;AGRIGENTO;AG;37.31145034380066;13.608648777008057
27962;NOBILE OIL GROUP S.P.A.;Agip Eni;Altro;Eni - Via Imera;VIA IMERA SN 92100;AGRIGENTO;AG;37.31670576105686;13.580794036388397
21524;NOBILE OIL GROUP S.P.A.;Agip Eni;Altro;ENI - Vill. Mosè;VIA LEONARDO SCIASCIA SN 92100;AGRIGENTO;AG;37.271179903909264;13.626721501350403
24949;ERRIU ENRICO;Agip Eni;Altro;ERRIU ENRICO;VIA FRANCESCO CRISPI 12 92100;AGRIGENTO;AG;37.308234929449384;13.586577368122903
14565;PETROLCOKE ENERGY S.R.L.;Esso;Altro;esso AGRIGENTO ;VIA GIOENI 292 92100;AGRIGENTO;AG;37.314871815789736;13.581396440028584
21198;IL MOLO S.R.L.;Pompe Bianche;Altro;il molo srl;LUNGOMARE FALCONE BORSELLINO 2, 92100;AGRIGENTO;AG;37.2631384;13.5790455
12774;DI BENEDETTO CARBURANTI S.R.L.;Api-Ip;Altro;IP VILLASETA;VILLASETA S.S.115 KM 186,225;AGRIGENTO;AG;37.29331979071349;13.569776862859726
4635;A.NUARA E FIGLI SRL;Lukoil;Strada Statale;Nuara - V.le Leonardo Sciascia - Vill. Mosè;Statale 115 dir Sud Occidentale Sicula, Km. 190+700, dir. Siracusa 92100;AGRIGENTO;AG;37.27701951470328;13.610502183437347
8265;A.NUARA E FIGLI SRL;Pompe Bianche;Strada Statale;Nuara Via Leonardo Sciascia Km 191 + 450;Statale 115 dir Sud Occidentale Sicula, Km. 191 +450, dir. Agrigento 92100;AGRIGENTO;AG;37.271196979454935;13.620863556861877
28277;SERVIZI & GESTIONI ITALIA S.R.L.;Q8;Altro;QUADRIVIO SPINANSANTA - AGRIGENTO;QUADRIVIO SPINANSANTA  92100;AGRIGENTO;AG;37.31919829622775;13.581069525760313
25473;PETROLCOKE ENERGY S.R.L.;SP Energia Siciliana;Altro;sp energia siciliana;c/da averna, giardina gallotti sn 92100;AGRIGENTO;AG;37.3526847016027;13.51844072341919
17803;A.NUARA E FIGLI SRL;Pompe Bianche;Altro;VIA PETRARCA ;VIA PETRARCA  92100;AGRIGENTO;AG;37.30192581036641;13.588533825576178
38171;SERVIZI E GESTIONI ZENIT S.R.L. IN SIGLA - ZENIT S.R.L.;Giap;Altro;VIA PETRARCA AGRIGENTO;VIA PETRARCA  92100;AGRIGENTO;AG;37.303777234919984;13.586254217136684
17810;A.NUARA E FIGLI SRL;Pompe Bianche;Altro;VIA PETRARCA SN;VIA PETRARCA SN 92100;AGRIGENTO;AG;37.2981646764832;13.58978882431984
17801;A.NUARA E FIGLI SRL;Pompe Bianche;Altro;VIALE SICILIA CONTRADA FONTANELLE;CONTRADA FONTANELLE  92100;AGRIGENTO;AG;37.32621304542855;13.591846078634262
20497;CIARAVELLA GIUSEPPE VALERIO;Q8;Strada Statale;Q8;Statale 118 Corleonese Agrigentina, Km. 93+63, dir. nord;ALESSANDRIA DELLA ROCCA;AG;37.56170013881221;13.451516926288605
28848;MELI ALFONSO;Q8;Altro;Q8;VIA ROMA  196 92021;ARAGONA;AG;37.40059799035912;13.61762747168541
11161;RIZZO GIOVANNI;Q8;Altro;stazione di servizio rizzo giovanni;VIA S.LA ROSA 135 92021;ARAGONA;AG;37.395494269083635;13.621182051589926
32468;CAFE' VALI' DI CARBONE R. E MANISCALCO R. E C. S.N.C.;Esso;Altro;Esso Cafe Vali;via FEDERICO II DI SVEVIA snc 92010;BIVONA;AG;37.614666580463016;13.435519561171531
16211;FALCO CARBURANTI S.A.S. DI GIUSEPPA  FALCO & C.;Agip Eni;Altro;FALCO CARBURANTI SAS;VIA TRIOCOLA 2 92010;CALTABELLOTTA;AG;37.575594747823374;13.220453972167661
30714;INCARDONA CARBURANTI DI BORDINO CROCIFISSA & C. S.A.S.;Tamoil;Strada Statale;INCARDONA CARBURANTI;Statale 410 di Naro, Km. 16+705, dir. naro 92020;CAMASTRA;AG;37.26309356572423;13.79327143637488
26491;URSO GIOVANNI BATTISTA;Q8;Altro;Q8;CORSO VITTORIO VENETO 297 92020;CAMASTRA;AG;37.25732352978499;13.791059106588364
7842;ELIOGEST DI TRAINA MARCELLO E GIAMBRONE AUSILIA & C. SOCIETA' IN IN ACCOMANDITA SEMPLICE.;Agip Eni;Strada Statale;ENI STATION CAMMARATA;Statale 189 della Valle del Platani, Km. 18+760, dir. AGRIGENTO-PALERMO 92022;CAMMARATA;AG;37.66139284028912;13.668215274810791
28169;SERVIZI E GESTIONI ZENIT S.R.L. IN SIGLA - ZENIT S.R.L.;Giap;Altro;VIA SAN FRANCESCO CAMMARATA;VIA SAN FRANCESCO  92022;CAMMARATA;AG;37.631579713679294;13.638728119179177
14853;CIOTTA MICHELE;Esso;Altro;ciotta michele;PIAZZA MARCONI  92023;CAMPOBELLO DI LICATA;AG;37.26096034896939;13.918012753129005
20349;PATTI GIOVANNI;Q8;Altro;Distributore Q8 Patti Giovanni;VIA EDISON SNC 92023;CAMPOBELLO DI LICATA;AG;37.26530654024615;13.91839899122715
23777;ALFONSO DI BENEDETTO CARBURANTI LUBRIFICANTI SRL;Agip Eni;Altro;A. Di Benedetto srl V.le C. Alberto Canicatti;VIALE CARLO ALBERTO SNC 92024;CANICATTI';AG;37.36246631312339;13.8555327218387
40223;F.LLI BARBIERI S.R.L.;Pompe Bianche;Altro;Barbieri energy;viale giudice antonino saetta sn 92024;CANICATTI';AG;37.35228108814452;13.832207545638084
9408;DI BENEDETTO FABIO;Q8;Altro;Di Benedetto Fabio;CONTRADA MADONNA AIUTO SS 122 KM 35,9 92024;CANICATTI';AG;37.380115518448335;13.846850395202637
41311;GAZZARA SALVATORE;Agip Eni;Altro;ENI GAZZARA S.;VIALE DELLA VITTORIA 43 92024;CANICATTI';AG;37.35296428406016;13.844490138692436
37104;CUMMO SALVATORE;Esso;Altro;Esso Cummo Petroli;VIA REGINA ELENA S.N. 92024;CANICATTI';AG;37.35695333509506;13.851240068436141
40562;CUMMO GIUSEPPE;Esso;Altro;esso Cummo Petroli;via regina elena  46 92024;CANICATTI';AG;37.356952100536546;13.851250943611035
31425;PETROLSERVICES S.A.S. DI RICCARDO DI BENEDETTO & C.;Giap;Altro;GIAP;via Vittorio Emanuele 156 92024;CANICATTI';AG;37.36153253815698;13.85412821798866
34101;GRM DI MARCHESE RAGONA GIUSEPPE S.A.S.;Pompe Bianche;Strada Statale;GRM SAS;Statale 122 Agrigentina, Km. 27+030, dir. AGRIGENTO 92024;CANICATTI';AG;37.36224200841267;13.788746371865273
29965;DI BENEDETTO CARBURANTI S.R.L.;Pompe Bianche;Altro;I.D.C. Canicatti' , Viale Giudice Saetta ;Viale Giudice Saetta   92024;CANICATTI';AG;37.352213526915726;13.832169380904588
13093;DI BENEDETTO RICCARDO;Esso;Altro;Riccardo Di Benedetto;VIA CALVI (ANGOLO VIA CAP. MAIRA), 92024;CANICATTI';AG;37.35378188797039;13.84777843952179
16277;SUD - PETROLI S.A.S. DI CAICO GIACINTO;Esso;Altro;SUD PETROLI;VIALE DELLA VITTORIA SN., 92024;CANICATTI';AG;37.35217013095468;13.840876041670981
40181;RAMETTA CAR SERVICE SOCIETA' IN NOME  COLLETTIVO DI RAMETTA GIUSEPPE  & C .;Q8;Altro;Q8 Casteltermini ;Via Trento   92025;CASTELTERMINI;AG;37.54200444942285;13.646445007444413
30771;SERVIZI E GESTIONI ZENIT S.R.L. IN SIGLA - ZENIT S.R.L.;Giap;Altro;S.P. 20 KM 19+780 CASTELTERMINI;S.P. 20 KM 19+780  92025;CASTELTERMINI;AG;37.54271305995729;13.652730882167816
39567;SA.RA. S.A.S. DEL DR. RACALBUTO ANTONINO & CO;Pompe Bianche;Strada Statale;SA.RA SAS di Racalbuto Antonino & co;Statale 122 Agrigentina, Km. 23+795, dir. CASTROFILIPPO 92020;CASTROFILIPPO;AG;37.349522258770904;13.759505599737167
18512;MICELI MICHELINA;Pompe Bianche;Altro;Pompa Bianca;VIA ORETO SN, 92011  92011;CATTOLICA ERACLEA;AG;37.44098464597239;13.390876672688591
22153;AGOZZINO PASQUALE;SP Energia Siciliana;Altro;SP ENERGIA SICILIANA;VIA ENNA  92011;CATTOLICA ERACLEA;AG;37.44087786981091;13.391040489077568
9498;DP FUEL DI D'ANNA FRANCESCO & C. SNC;Q8;Altro;DP FUEL DI D'ANNA FRANCESCO & C. SNC;STRADA STATALE 118 CORSO NAZIONALE 1 92012;CIANCIANA;AG;37.51986048686688;13.436181396245956
42515;DBS SERVIZI PETROLIFERI S.R.L.;Pompe Bianche;Altro;DBS Serv.Petr. srl COMITINI; SS 189 KM 47+690 SN  92020;COMITINI;AG;37.445185640773154;13.65965550805663
25077;A.NUARA E FIGLI SRL;Pompe Bianche;Strada Statale;CONTRADA BURRAITI SS 115 KM 197+435;Statale 115 Sud Occidentale Sicula, Km. KM 197+435, dir. FAVARA 92026;FAVARA;AG;37.247453962516225;13.667558133602142
21532;CASTRONOVO FILIPPO;Agip Eni;Altro;ENI;VIA CAP. CALLEA SNC 92026;FAVARA;AG;37.32455050835047;13.662984558860785
4112;DI NOLFO MARIA CARBURANTI S.A.S.;Agip Eni;Altro;Eni 55029 - Di Nolfo Maria Carburanti Sas;VIA NENNI S.S 122 KM.11+870 S.N. 92026;FAVARA;AG;37.321189939736215;13.665801286697388
14269;SERVIZI & GESTIONI ITALIA S.R.L.;Q8;Altro;FAVARA CORSO VITTORIO VENETO;CORSO VITTORIO VENETO  92026;FAVARA;AG;37.308283573197194;13.658229843586014
8015;FLOAN S.R.L.;Q8;Altro;FLOAN S.R.L.;C.da San Benedetto S.P. 15  92026;FAVARA;AG;37.35069028016745;13.61182987689972
33037;LIMBLICI ANTONIO;Q8;Altro;Limblici Antonio;VIA ALDO MORO 97 92026;FAVARA;AG;37.306426398958635;13.648471041525227
33022;MENDOLIA ANTONIO;Pompe Bianche;Altro;mendolia antonio;SP85 sn 92026;FAVARA;AG;37.34720422200081;13.676785860118798
4631;A.NUARA E FIGLI SRL;Pompe Bianche;Strada Statale;Nuara - San Benedetto, Agrigento;Statale 189 della Valle del Platani, Km. 61+400, dir. Palermo 92026;FAVARA;AG;37.34813843492682;13.616244792938232
39716;PETROLCOKE ENERGY S.R.L.;SP Energia Siciliana;Altro;PETROLCOKE ENERGY SRL FAVARA BANDIERA SP;VIA IV NOVEMBRE 47 92026;FAVARA;AG;37.30941098415751;13.656569533826314
35079;SERVIZI E GESTIONI ZENIT S.R.L. IN SIGLA - ZENIT S.R.L.;Lukoil;Altro;PIAZZA DELLA VITTORIA - FAVARA;PIAZZA DELLA VITTORIA  92026;FAVARA;AG;37.31943262667844;13.6609360948205
13225;SCARIANO BENEDETTA;SP Energia Siciliana;Altro;SP ENERGIA SICILIANA;VIA FRANCESCO CRISPI 101 92026;FAVARA;AG;37.3202812247021;13.663748660226247
17715;A.NUARA E FIGLI SRL;Lukoil;Altro;SP N.3 KM 13+300 FAVARA;STRADA PROVINCIALE N. 3 KM 13+300  92026;FAVARA;AG;37.36124386528102;13.64222601056099
41348;SERVICE AUTO S.A.S. DI CAVALLARO ILARIA & F.LLI;Agip Eni;Altro;SERVICE AUTO S.A.S. DI CAVALLARO ILARIA & F.LLI;VIALE DELLA VITTORIA 121 92020;GROTTE;AG;37.402025592026675;13.691382184624672
12786;DI BENEDETTO CARBURANTI S.R.L.;Api-Ip;Altro;IP JOPPOLO GIANCAXIO;CONTRADA BORSELLINO STRADA COMUNALE 34-36, 92010;JOPPOLO GIANCAXIO;AG;37.35776540601626;13.556865307730845
40673;COSTANZO CARBURANTI S.R.L.;Pompe Bianche;Altro;Costanzo Carburanti s.r.l.;CONTRADA GUITGIA-LAMPEDUSA SN 92010;LAMPEDUSA E LINOSA;AG;35.500892388423836;12.60155439376831
39889;NAUTILUS MARINE S.R.L.;Pompe Bianche;Altro;NAUTILUS MARINE SRL;LOCALITA' POZZOLANA SN 92010;LAMPEDUSA E LINOSA;AG;35.86357710208189;12.85238653421402
24796;PETROL SERVICE LAMPEDUSA S.R.L.;Pompe Bianche;Altro;PETROL SERVICE LAMPEDUSA S.R.L;Via LungoMare Luigi Rizzo   ;LAMPEDUSA E LINOSA;AG;35.499555123698265;12.606468389935344
12369;DI BENEDETTO CARBURANTI S.R.L.;Esso;Altro; ESSO LICATA, VIA PALMA;VIA PALMA 320 92027;LICATA;AG;37.11150064654609;13.921595513820648
27202;ALAIMO AMEDEO ANGELO;Esso;Altro;ALAIMO;PIAZZA LINARES 00 92027;LICATA;AG;37.10264903123856;13.940131775969348
12667;LIOTTA MARIA ROSA E CO. S.A.S.;Agip Eni;Altro;ENI-LIOTTA MARIA ROSA &CO SAS;VIA GELA (RIFORNIMENTO AGIP)  92027;LICATA;AG;37.10982731810983;13.951735496520996
20954;DE CARO AGOSTINO;Esso;Altro;Esso Tiger Bar;Via Gela s.n.c.;LICATA;AG;37.114686349528775;13.95988404750824
11336;GRACI ROSARIO;Giap;Altro;GIAP;CORSO UMBERTO 117 92027;LICATA;AG;37.10335720101978;13.940623718040115
37083;SICILPETROLI S.R.L.;Pompe Bianche;Strada Statale;Sicilpetroli SRL LICATA;Statale 115 dir Sud Occidentale Sicula, Km. 231+927, dir. Siracusa 92027;LICATA;AG;37.12048664134014;13.946745246648788
8898;RADOSTA CARBURANTI DI FILIPPO RADOSTA E C.-S.A.S.;Q8;Altro;STAZIONE DI SERVIZIO - RADOSTA CARBURANTI;VIA PALERMO S.S.386  92010;LUCCA SICULA;AG;37.59076912509383;13.291043043136597
42514;ALFONSO DI BENEDETTO CARBURANTI LUBRIFICANTI SRL;Pompe Bianche;Altro;A. Di Benedetto srl Via del Serpente Menfi Ag;VIA DEL SERPENTE SNC 92013;MENFI;AG;37.60656371320964;12.958240324792541
42301;BONFANTE ANTONINO;Agip Eni;Altro;bonfante antonino carburanti;VIA GARIBALDI S.N. 92013;MENFI;AG;37.60302660330395;12.960086613893509
27408;BONFANTE ANTONINO;Agip Eni;Altro;ENI;C/da Mandrozzi Ex SS 115 sn 92013;MENFI;AG;37.59580305899636;12.972823083400726
25814;PETROL AGRICOLTURA  S.R.L.;Esso;Strada Statale;ESSO;Statale 188 Centro Occidentale Sicula, Km. 72+661, dir. CASTELVETRANO 92010;MONTEVAGO;AG;37.705916359938364;12.980978339910507
14967;SCIROTTA  S.A.S. DI ACCIDENTI GIUSEPPE;Q8;Altro;scirotta s.a.s;PIAZZA VESPUCCI null,   92010;MONTEVAGO;AG;37.70348584273863;12.991232425015368
15744;CAMMARATA RENATO;Pompe Bianche;Strada Statale;cammarata renato;Statale 123 di Licata, Km. 8+934, dir. licata 92028;NARO;AG;37.305158975136194;13.915430456399918
28246;PACINELLA CALOGERO;Q8;Altro;Q8;PIAZZA CRISPI snc 92028;NARO;AG;37.29483179725696;13.792228549718857
12021;SERVIZI E GESTIONI ZENIT S.R.L. IN SIGLA - ZENIT S.R.L.;Giap;Altro;V.UMBERTO I NARO;VIALE UMBERTO I  92028;NARO;AG;37.29438302041931;13.795680592035524
14343;CATANIA NICOLA;Agip Eni;Altro;eni;Viale Pirandello 2 ;PALMA DI MONTECHIARO;AG;37.189200084525496;13.771200694422987
27393;INCARDONA S.R.L.;Pompe Bianche;Strada Statale;INCARDONA;Statale 115 dir Sud Occidentale Sicula, Km. 115, dir. SUD 92020;PALMA DI MONTECHIARO;AG;37.18339976584025;13.768924176692963
17121;SINAGRA PAOLO;Esso;Altro;DISTRIBUTORE ESSO DI SINAGRA PAOLO;VIA UMBERTO1 1 92014;PORTO EMPEDOCLE;AG;37.28913270117055;13.530381917953491
33237;NUARA PASQUALE;Agip Eni;Strada Statale;Nuara Pasquale ;Statale 115 dir Sud Occidentale Sicula, Km. 179+640, dir. Trapani 92014;PORTO EMPEDOCLE;AG;37.29374099791888;13.508563233854716
41700;STAZIONE DI SERVIZIO ESSO DI GIUFFRIDA IGNAZIO E C. S.N.C.;Esso;Strada Statale;Stazione di Servizio Esso di Giuffrida Ignazio & C. Snc;115 Sud Occidentale Sicula, Km. 183+100, Trapani 92014;PORTO EMPEDOCLE;AG;37.29407686469736;13.527469038963318
16610;MORREALE VINCENZO;Q8;Altro;Q8;VIA E.MAIORANA SN 92020;RACALMUTO;AG;37.40828114966902;13.704168274998665
35504;RIZZO CONCETTA;Q8;Altro;Q8 PETROLEUM ITALIA;CONTRADA MALATI SN 92020;RACALMUTO;AG;37.403805581461036;13.738730549812317
18601;MATTINA GIUSEPPE;Tamoil;Altro;tamoil;VIA GARIBALDI  92020;RACALMUTO;AG;37.41100286863684;13.728470199070216
10302;ANGELO CUFFARO S.R.L.;Esso;Altro;Angelo Cuffaro s.r.l.;VIA F.16 60 92015;RAFFADALI;AG;37.39378646445569;13.532358705997467
10299;CUFFARO ANGELO;Esso;Altro;Cuffaro Angelo;VIA PORTA AGRIGENTO 134 92015;RAFFADALI;AG;37.39707361548874;13.534808903932571
9373;ALONGE LUIGI & C. S.A.S. DI ALONGE GERLANDO;Q8;Strada Statale;q8;Statale 118 Corleonese Agrigentina, Km. 134, dir. agrigento 92015;RAFFADALI;AG;37.390393895042074;13.532240688800812
13200;"F.LLI LA MARCA S.A.S. DI LA MARCA GIROLAMO E CALOGERO & C.";Agip Eni;Altro;ENI;CORSO GARIBALDI  92020;RAVANUSA;AG;37.26516393901318;13.970295662587773
32155;EUROIL S.R.L.S.;Pompe Bianche;Altro;EUROIL SRLS CARBURANTI - GPL;VIALE ALDO MORO SN 92029;RAVANUSA;AG;37.2638549339943;13.958510106237782
16232;LA MARCA SALVATORE & C. S.N.C.;Pompe Bianche;Altro;pit stop;VIA OLIMPICA 8 92029;RAVANUSA;AG;37.26478227822157;13.970917314291
33436;DAINA PALERMO GIOVANNI;Agip Eni;Altro;ENI 19826;VIA S.S.115 KM 170  92010;REALMONTE;AG;37.33127879006203;13.430987298488617
33762;SERVIZI E GESTIONI ZENIT S.R.L. IN SIGLA - ZENIT S.R.L.;Giap;Altro;VIA RINA REALMONTE;VIA RINA  92010;REALMONTE;AG;37.31230557940277;13.466674089431763
26796;F.LLI TURANO S.A.S. DI TURANO GIOACCHINO  & C.;Agip Eni;Altro;agip/eni;VIA CIRCONVALLAZIONE SN 92016;RIBERA;AG;37.49448824321571;13.263874691548153
21179;COCCHIARA ALESSANDRA & C. S.A.S.;Esso;Altro;Cocchiara Alessandra e C. s.a.s.;Viale Garibaldi 4 92016;RIBERA;AG;37.50187926154549;13.263141363229352
22548;"MARABELLA S.A.S DI MARABELLA ANGELO & C.";Q8;Altro;Q8 MARABELLA SAS;VIA  CIRCONVALLAZIONE;RIBERA;AG;37.49379391005386;13.264821767807007
21565;"MARABELLA S.A.S DI MARABELLA ANGELO & C.";Q8;Altro;Q8MARABELLA;CORSO UMBERTO , 92016;RIBERA;AG;37.50502973178759;13.273820579051971
26904;RIBERA 96  S.A.S. DI  MICELI  ANNA  &  C.;Agip Eni;Altro;Ribera 96 sas;VIA CAMPO SPORTIVO 230 92016;RIBERA;AG;37.49843620746494;13.26864939140171
20966;LO RASO STEFANIA;Esso;Altro;stazione esso di lo raso stefania;VIA CIRCONVALLAZIONE 3 92016;RIBERA;AG;37.498122373265836;13.258715718984604
9474;MAGGIO ANTONIO;Esso;Altro;Distributore Esso;Via E. Berlinguer 109 92017;SAMBUCA DI SICILIA;AG;37.64462709209819;13.107199397727413
9989;GANDOLFO MICHELE;Agip Eni;Altro;eni gandolfo;CORSO UMBERTO I  92017;SAMBUCA DI SICILIA;AG;37.644746140504374;13.107552713588575
24719;CAPODICASA SALVATORE;Pompe Bianche;Altro;CAPODICASA SALVATORE;PIAZZA MAROTTA  92020;SAN BIAGIO PLATANI;AG;37.51037738779058;13.52652703498768
12558;PANEPINTO SALVATORE;Esso;Altro;esso italiana;VIA UMBERTO I 179 92020;SAN GIOVANNI GEMINI;AG;37.62758340445863;13.639979660511017
27728;MARINO CALOGERA;Agip Eni;Altro;IMPIANTO ENI;VIA UMBERTO 37 92018;SANTA MARGHERITA DI BELICE;AG;37.690156816321014;13.022739663720131
35501;SERVIZI E GESTIONI ZENIT S.R.L. IN SIGLA - ZENIT S.R.L.;Giap;Altro; VIA ATTARDI SANTO STEFANO QUISQUINA;VIA L. ATTARDI  23 92020;SANTO STEFANO QUISQUINA;AG;37.626758322443166;13.488965258002281
9049;M.G. DI GIAMBARTINO FILIPPO E C.-S.N.C.;Api-Ip;Strada Statale;IP;Statale 118 Corleonese Agrigentina, Km. 77+600, dir. AGRIGENTO 92020;SANTO STEFANO QUISQUINA;AG;37.632506515250405;13.475302755832672
38277;VEVIN  SOCIETA' A   RESPONSABILITA' LIMITATA;Q8;Strada Statale;qp;Statale 118 Corleonese Agrigentina, Km. 74,385, dir. PA 92020;SANTO STEFANO QUISQUINA;AG;37.62606260375029;13.494070172309875
20045;SERVIZI E GESTIONI ZENIT S.R.L. IN SIGLA - ZENIT S.R.L.;Agip Eni;Altro;C.DA FOGGIA SCIACCA;C.DA FOGGIA  92019;SCIACCA;AG;37.50804259290687;13.052275609786989
41635;CURRERI CARBURANTI S.R.L.;Curreri Carburanti;Altro;CURRERI CARBURANTI;VIA LEONARDO SCIASCIA 1/E 92019;SCIACCA;AG;37.51030544905536;13.066942669110176
15841;DI. GA.  DI DI PAOLA MARIO & C. S.N.C.;Q8;Altro;Di.Ga. Erg  Sciacca;VIA  POMPEI 2 92019;SCIACCA;AG;37.523613079050236;13.073818981647491
18418;PETROLI SCIACCA DI MAGGIO ACCURSIO & C. S.A.S.;Agip Eni;Altro;ENI;via Figuli s/n 92019;SCIACCA;AG;37.50628533374089;13.090032935142517
42114;IDROCARBURI SCIACCA S.A.S. DI IGNAZIO SANTANGELO & C.;Agip Eni;Altro;Eni;VIA CAPPUCCINI SNC 92019;SCIACCA;AG;37.51571907201272;13.077489719049026
42190;IDROCARBURI SCIACCA S.A.S. DI IGNAZIO SANTANGELO & C.;Agip Eni;Altro;Eni;VIA DANTE S.N. 92019;SCIACCA;AG;37.50799022288548;13.07384071474985
8844;CUSUMANO CARBURANTI S.A.S. DI STEFANO CUSUMANO & C.;Agip Eni;Strada Statale;ENI AGIP;Statale 115 dir Sud Occidentale Sicula, Km. 105+282, dir. Menfi - Palermo 92019;SCIACCA;AG;37.55335739247375;13.04344967007637
13459;CUSUMANO CARBURANTI S.A.S. DI STEFANO CUSUMANO & C.;Agip Eni;Altro;ENI AGIP;VIA CAPPUCCINI  92019;SCIACCA;AG;37.51571268825997;13.077494420237713
13471;CUSUMANO CARBURANTI S.A.S. DI STEFANO CUSUMANO & C.;Agip Eni;Altro;ENI AGIP;VIA DANTE ALIGHIERI  92019;SCIACCA;AG;37.50797613578515;13.073874120237747
16376;TRIPODI FRANCESCO;Esso;Altro;Stazione di servizio Esso di F.sco Tripodi;VIA CAPPUCCINI 153 92019;SCIACCA;AG;37.517402904853064;13.076751441549277
20789;LO RASO ANTONINO;Esso;Altro;stazione di servizio esso di lo raso antonino;CONTRADA SCARETO  92019;SCIACCA;AG;37.50885690061684;13.077633082866669
12200;SCIACCA OIL DI LA PORTA MARIA;TaOil;Altro;TaOil ;VIA LIONI SN 92019;SCIACCA;AG;37.520085988102885;13.077281713485718
36419;F.LLI PIRRERA DI PIRRERA SALVATORE E PIRRERA ANGELO-S.N.C.;Pompe Bianche;Altro;GP GREEN POWER EX Q8;VIA ROMA 149 92010;SICULIANA;AG;37.33632244064204;13.425704017281532
29421;T.D.M. S.R.L.;Tamoil;Altro;3914;via De Gasperi  15011;ACQUI TERME;AL;44.67313733632;8.477373719215393
30244;"IP SERVICES S.R.L.";Api-Ip;Altro;ACQUI TERME - MATTEOTTI;PIAZZA MATTEOTTI 54 15011;ACQUI TERME;AL;44.673086077785584;8.46631489981462
6407;SERVIZI & GESTIONI ITALIA srl;Q8;Altro;ACQUI TERME CORSO DIVISIONE ACQUI 110;CORSO DIVISIONE ACQUI 110 15011;ACQUI TERME;AL;44.67636581251457;8.45972986389313
39340;BERTORA CINZIA;Retitalia;Altro;Bertora Cinzia;Via Fatebenefratelli 15 15011;ACQUI TERME;AL;44.679201397329486;8.451370373368263
10022;COLLINO E C.- S.P.A.;Pompe Bianche;Altro;DISTRIBUTORE HELP;VIA CASSAROGNA 30 15011;ACQUI TERME;AL;44.668958664387105;8.458921033065735
39625;L'OASI  S.A.S. DI BARONE SALVATORE & C.;Agip Eni;Altro;ENI CAFE';VIALE LUIGI EINAUDI 5 15011;ACQUI TERME;AL;44.66493837878722;8.472867784975051
32191;FRATELLI OLIVIERI BRUNO E RICCARDO S.N.C.;Api-Ip;Altro;IP;VIA ACQUEDOTTO ROMANO 98 15011;ACQUI TERME;AL;44.66344990429665;8.468254694442749
39621;BARONE SALVATORE;Agip Eni;Altro;OASI;VIA CIRCONVALLAZIONE 15 15011;ACQUI TERME;AL;44.669015740619884;8.481220282803406
39620;BARONE SALVATORE;Pompe Bianche;Altro;OASI;VIA CIRCONVALLAZIONE 15 15011;ACQUI TERME;AL;44.669015740619884;8.481220282803406
38859;BERRY SERVICE DI PONZANO MAURIZIO;Oil Italia;Altro;Oil Italia;C.so Divisione Acqui 47 15011;ACQUI TERME;AL;44.676327179421605;8.463223055005074
25112;BECCARIA S.R.L. - SOCIETA' A RESPONSABILITA' LIMITATA;Q8;Altro;PV Acqui Terme;Stradale Savona - Loc. Madonnalta 86 15011;ACQUI TERME;AL;44.6757983508484;8.446408210528602
34628;SEVERINO MASSIMO;Agip Eni;Altro;SEVERINO MASSIMO;VIA NIZZA 152 15011;ACQUI TERME;AL;44.680216956392506;8.472892784274677
34629;SEVERINO MASSIMO;Agip Eni;Altro;SEVERINO MASSIMO;CORSO DIVISIONE ACQUI 26 15011;ACQUI TERME;AL;44.676568437103086;8.464701593254063
30525;T.D.M. S.R.L.;Tamoil;Altro;7630;via Casalbagliano 54 13100;ALESSANDRIA;AL;44.89691515920304;8.587306067347527
34364;T.D.M. S.R.L.;Tamoil;Altro;8001;VIA SPALTO BORGOGLIO  13100;ALESSANDRIA;AL;44.90697132352871;8.61145868897438
5512;GESTIONI EUROPA S.p.A.;Total Erg;Altro;ALESSANDRIA;Via Giordano Bruno 69 15121;ALESSANDRIA;AL;44.91993339554133;8.595036822090151
7292;SERVIZI & GESTIONI ITALIA S.R.L.;Q8;Altro;ALESSANDRIA - CC PANORAMA;C/O CC PANORAMA SN 15121;ALESSANDRIA;AL;44.90220486835905;8.63087385892868
30831;SERVIZI & GESTIONI ITALIA S.R.L.;Q8;Altro;ALESSANDRIA - FZ.SPINETTA MARENGO SS. 10;FZ.SPINETTA MARENGO SS. 10  15047;ALESSANDRIA;AL;44.8938111309523;8.672091364860535
38868;"IP SERVICES S.R.L.";Api-Ip;Altro;ALESSANDRIA - S.S.30;S.S. 30 KM. 3.295 SNC 15121;ALESSANDRIA;AL;44.88638436498143;8.615406397730112
20730;GESTIONI EUROPA - SOCIETA' PER AZIONI;Total Erg;Altro;ALESSANDRIA ACQUI;C.SO ACQUI  15121;ALESSANDRIA;AL;44.89126320360915;8.589333146810532
6405;SERVIZI & GESTIONI ITALIA srl;Q8;Altro;ALESSANDRIA CASALCERMELLI   IMP.Q8;CASALCERMELLI  IMP.Q8 SNC 15100;ALESSANDRIA;AL;44.88842783915975;8.598518371582031
34564;SERVIZI & GESTIONI ITALIA S.R.L.;Q8;Altro;ALESSANDRIA LUNGO TANARO SOLFERINO;LUNGO TANARO SOLFERINO  15121;ALESSANDRIA;AL;44.91975808599873;8.613127919643375
4636;NUOVA SIDAP  S.R.L.;Esso;Altro;Alessandria Oil;VIA GIORDANO BRUNO 67 15100;ALESSANDRIA;AL;44.91930014982347;8.596579134464264
11454;SERVIZI & GESTIONI ITALIA S.R.L.;Q8;Altro;ALESSANDRIA-LOC ASTUTI SS 10 KM 90+300;LOC ASTUTI SS 10 KM 90+300 S/N 15122;ALESSANDRIA;AL;44.92146011668297;8.579308046627034
29187;ACI-SERVIZI ALESSANDRIA S.R.L.;Api-Ip;Altro;Api ;Corso F. Cavallotti 19 15121;ALESSANDRIA;AL;44.9124803234052;8.608011281496374
40733;NEW TRUCK S.R.L.;Pompe Bianche;Altro;Astuti;SS. 10 KM.88+273 LOC.ASTUTI  15122;ALESSANDRIA;AL;44.92150754281884;8.550652250669373
41250;E2OIL S.R.L.;Europam;Altro;CANTALUPO;STRADA ACQUI - SP 244 7 15122;ALESSANDRIA;AL;44.878108118486914;8.56984741042561
41907;NEW TRUCK S.R.L.;Esso;Altro;Chiozzetto;loc.Chiozzetto SS10 KM.96+313  15100;ALESSANDRIA;AL;44.90708003784248;8.641284853219986
38764;GARGANTINI GIANMARIO VITTORIO;Esso;Altro;distributore carburanti esso;VIALE TIVOLI 1 15121;ALESSANDRIA;AL;44.9032710353854;8.606327571762904
37821;ALEGAS SRL;Pompe Bianche;Altro;distributore metano autotrazione ;lungo tanaro magenta 7 15121;ALESSANDRIA;AL;44.92227301441103;8.615042661372627
31091;SPINNATO ALESSANDRO;Tamoil;Altro;distributore tamoil 2232 ;strada prov 248 km 1,867  castelceriolo  15122;ALESSANDRIA;AL;44.90699413653974;8.688926418771416
6878;MAZZOLENI FEDERICO;Agip Eni;Altro;Eni di Mazzoleni Federico 1410;VIA MARENGO 159 15121;ALESSANDRIA;AL;44.90949182294023;8.631437122821808
6879;MAZZOLENI FEDERICO;Agip Eni;Altro;Eni di mazzoleni Federico 1448;VIA GIORDANO BRUNO 71 15121;ALESSANDRIA;AL;44.9208700712194;8.592845499515533
7017;MAZZOLENI FEDERICO;Pompe Bianche;Altro;Eni di mazzoleni Federico 1448;VIA GIORDANO BRUNO 71 15121;ALESSANDRIA;AL;44.9208700712194;8.592845499515533
42510;ERRETRE S.R.L.;Pompe Bianche;Altro;ERRETRE SRL VIA CASALCERMELLI;VIA CASALCERMELLI 100 15121;ALESSANDRIA;AL;44.89145873426048;8.60159620642662
42511;ERRETRE S.R.L.;Pompe Bianche;Altro;ERRETRE VIA GIORDANO BRUNO;VIA GIORDANO BRUNO 65 15121;ALESSANDRIA;AL;44.91899281140338;8.597249017791
15622;NEW PETROL S.N.C. DI PACE LUIGI E SCIOMMARELLO SALVATORE;Esso;Altro;ESSO NEW PETROL SNC;VIA MARENGO  163 15121;ALESSANDRIA;AL;44.90916611966228;8.63291489603614
41694;EUROPAM S.P.A.;Europam;Altro;EUROPAM - CASCINA GROSSA;SS 10 KM.103\t  15040;ALESSANDRIA;AL;44.88478789339822;8.713609278202057
10587;QUINTO CABELLA DI MASSIMO E SERGIO CABELLA - S.N.C.;Agip Eni;Altro;impianto 51014;via marengo 115 15121;ALESSANDRIA;AL;44.91049176464411;8.628135323524475
10209;CARUGIA & ODDINO E C. S.N.C. DI CARUGIA MAURIZIO;Api-Ip;Altro;IP;viale milite ignoto 49 15121;ALESSANDRIA;AL;44.93263457006159;8.625420928001404
25683;MALFATTO MAURIZIO;Api-Ip;Altro;IP;Spalto Gamondio snc 15121;ALESSANDRIA;AL;44.91015310106215;8.625545285301087
7101;LE 2 VELE DI NAPPO MARIA;Q8;Altro;LE 2 VELE;VIA CASALE 29/A 15122;ALESSANDRIA;AL;44.926826114247305;8.58604609966278
35034;PASTORE BRUNA;Agip Eni;Altro;PASTORE BRUNA;VIA GENOVA 26 15047;ALESSANDRIA;AL;44.89613493072377;8.666315227746964
27276;B+B DI BONALDO GIANCARLO E C. S.A.S.;Agip Eni;Altro;PV 11482 ENI;VIA MARENGO 150 15121;ALESSANDRIA;AL;44.90907756035294;8.63601985515595
29129;R&C DI FRONTINO NUNZIO;Esso;Strada Statale;R&C DI FRONTINO NUNZIO;Statale 10 Padana Inferiore, Km. 97+090, dir. SPINETTA MARENGO 15122;ALESSANDRIA;AL;44.90359629631582;8.649230897426605
36526;NEW TRUCK S.R.L.;KEROPETROL;Strada Statale;SPINETTA;Statale 10 Padana Inferiore, Km. 100+526, dir. NOVI LIGURE 15122;ALESSANDRIA;AL;44.889647247273075;8.687465116381645
39241;STAZIONE ANDROMEDA DI VIVIAN LUCIANO & C. - S.N.C.;Agip Eni;Altro;stazione andromeda;c.so romita ang.via Galvani  15121;ALESSANDRIA;AL;44.901887213841604;8.619216307997704
22975;AN.GI DI ANTONIO LECCE S.A.S.;Api-Ip;Altro;Stazione di Servizio "IP" - An.Gi di Antonio Lecce;LUNGO TANARO SOLFERINO 7 15121;ALESSANDRIA;AL;44.91939743419402;8.61233416718187
27453;NEW ENERGY DI RRUSHI ERMIRA E C. S.N.C.;Agip Eni;Altro;STAZIONE DI SERVIZIO ENI NEW ENERGY SNC;VIA CASALE  28 15122;ALESSANDRIA;AL;44.9321969901607;8.58518036837404
10739;AL. BE. DI COSTA ALESSANDRO E C. S.N.C.;Agip Eni;Altro;STAZIONE ENI;SPALTO GAMONDIO 1/B 15121;ALESSANDRIA;AL;44.90748551782488;8.618476700794531
40820;STOIL S.R.L.;Pompe Bianche;Altro;STOIL SIMPLE;STR. PROV.LE 82 SPINETTA SALE -- 15122;ALESSANDRIA;AL;44.91795886428148;8.700276017189026
40629;CIPRIANO ROBERTO;Total Erg;Strada Statale;totalerg;Statale 30 di Val Bormida, Km. 3+320, dir. Acqui 15121;ALESSANDRIA;AL;44.88660105373309;8.614827543497086
38685;VALFUEL S.N.C. DI TIMPANARO CRISTIAN E RUSSO PAOLO GIUSEPPE;Total Erg;Altro;Valfuel snc;Strada Prov.le per Valle San Bartolomeo 2 15122;ALESSANDRIA;AL;44.93864445373909;8.624820113182068
41249;E2OIL S.R.L.;Europam;Altro;VIA TIVOLI;VIALE TIVOLI 3 15122;ALESSANDRIA;AL;44.90327164779775;8.60633073893814
14428;ELTA ALBERTO;Agip Eni;Altro;Stazione di servizio Eni;VIA DEL VAPORE 2 15061;ARQUATA SCRIVIA;AL;44.691433354864266;8.883282414155588
38708;CAVANNA ROBERTO;Total Erg;Altro;TotalErg;VIA GRAMSCI SNC 15061;ARQUATA SCRIVIA;AL;44.698675984856024;8.88466410469971
38637;VALENZA OMAR;Q8;Altro;Valenza Omar servizio Q8;via roma 54 15051;ARQUATA SCRIVIA;AL;44.685461936099436;8.890202489618673
3766;giemme sas di lanza luigi & c;Total Erg;Autostradale;VALLE SCRIVIA OVEST;Autostrada A7 SERRAVALLE-GENOVA, Km. 92+500, dir. Sud 15061;ARQUATA SCRIVIA;AL;44.67030052477258;8.906022623348235
41251;E2OIL S.R.L.;Europam;Altro;BASALUZZO;VIA OVADA 6 15060;BASALUZZO;AL;44.76953279621975;8.703951984643936
40641;FASCIOLO SIMONETTA MARIA;Pompe Bianche;Altro;SIMOIL;Via Novi 39 15060;BASALUZZO;AL;44.7691119616782;8.714392483234406
7298;SERVIZI & GESTIONI ITALIA S.R.L.;Q8;Altro;BELFORTE MONFERRATO-C/O CC BENNET.;C/O CC BENNET BELFORTE 1 15070;BELFORTE MONFERRATO;AL;44.627936919488285;8.652409315109253
3535;vignolo e garbarino s.n.c.;Total Erg;Autostradale;STURA EST;Autostrada A26 (GE) VOLTRI-GRAVELLONA T., Km. 25+500, dir. Nord 15070;BELFORTE MONFERRATO;AL;44.59236962570605;8.666142225265503
38882;TIGER S.R.L.;Esso;Autostradale;STURA OVEST;Autostrada A26 (GE) VOLTRI-GRAVELLONA T., Km. 176, dir. GENOVA 15070;BELFORTE MONFERRATO;AL;44.591592228742755;8.664512783288956
25114;BECCARIA S.R.L. - SOCIETA' A RESPONSABILITA' LIMITATA;Q8;Altro;PV Bistagno; SS 30 Km 42+715 - BISTAGNO  15012;BISTAGNO;AL;44.65863148319791;8.375174850225449
34974;KEROPETROL S.P.A.;KEROPETROL;Altro;KEROPETROL BORGHETTO DI BORBERA;Via Circonvallazione 7 15060;BORGHETTO DI BORBERA;AL;44.72837171643388;8.934509307146072
38590;EASY SERVICE S.R.L.;Energas;Strada Statale;Easy Service Bosco Marengo;Statale 35 dei Giovi, Km. 16+315, dir. Alessandria 15062;BOSCO MARENGO;AL;44.83471785149353;8.737301230430603
37888;BENZOIL SOCIETA' A RESPONSABILITA' LIMITATA SEMPLIFICATA;Pompe Bianche;Altro;BENZOIL  Cabella Ligure ;PIAZZA DELLA VITTORIA S.N. 15060;CABELLA LIGURE;AL;44.67404691916843;9.094219410326332
8685;MORANDO CELESTINA;Tamoil;Altro;TAMOIL;VIA PERTUSO 1 15060;CANTALUPO LIGURE;AL;44.72667305902961;9.037081003189087
26208;BERTA GABRIEL;Agip Eni;Strada Statale;01422;Statale 31 del Monferrato, Km. 27+280, dir. alessandria 15033;CASALE MONFERRATO;AL;45.111008949350136;8.45149040222168
33254;3D S.R.L.;Tamoil;Altro;3D SRL CASALE MONFERRATO;SS 31 KM 27+598 SNC 15033;CASALE MONFERRATO;AL;45.1082291139502;8.451649993658066
5125;TROVATO GIUSEPPE;Agip Eni;Altro;AGIP 11421 DI TROVATO GIUSEPPE;STRADA VALENZA (AREA DI SERVIZIO)  15033;CASALE MONFERRATO;AL;45.12960225337484;8.475544452667236
5511;GESTIONI EUROPA S.p.A.;Total Erg;Altro;CASALE MONFERRATO;Tangenziale Est SNC 15033;CASALE MONFERRATO;AL;45.11831510731237;8.455730635581972
6404;SERVIZI & GESTIONI ITALIA srl;Q8;Altro;CASALE MONFERRATO VIA ADAM 47;VIA ADAM 47 15033;CASALE MONFERRATO;AL;45.148288078738005;8.444239019643419
11452;SERVIZI & GESTIONI ITALIA S.R.L.;Q8;Altro;CASALE MONFERRATO-CORSO VALENTINO 140;CORSO VALENTINO 140 15033;CASALE MONFERRATO;AL;45.12376908882875;8.45124363899231
7288;SERVIZI & GESTIONI ITALIA S.R.L.;Q8;Altro;CASALE MONFERRATO-LOC S BERNARDINO.;LOCALITA' SAN BERNARDINO SN 15033;CASALE MONFERRATO;AL;45.1228555684981;8.464308679103851
37632;COSTANTIN DISTRIBUZIONE E SERVIZI SRL;Costantin;Altro;COSTANTIN CASALE MONFERRATO;via adam  52 15033;CASALE MONFERRATO;AL;45.147499349021196;8.444190992404174
39839;RICCOBONO ALESSIA;Agip Eni;Strada Statale;ENI 11455;Statale 31 del Monferrato, Km. 22+335, dir. VERCELLI 15033;CASALE MONFERRATO;AL;45.162602213522675;8.460340350866318
31127;CASADEI MASSIMO;Esso;Strada Statale;ESSO;Statale 457 di Moncalvo, Km. 1+780, dir. asti 15033;CASALE MONFERRATO;AL;45.10778563226714;8.437961888726932
39344;FARELLO MARCO;Esso;Altro;esso;VIA ADAM 11 15033;CASALE MONFERRATO;AL;45.14412584282083;8.446620857672087
33907;EUROPAM S.P.A.;Europam;Altro;EUROPAM - CASALE. M;VIA XXV APRILE 16/180 15033;CASALE MONFERRATO;AL;45.14114306094663;8.450644165277481
4973;RAVAZZOTTO SANDRA;Pompe Bianche;Altro;GET OIL;STRADA ASTI 19/A 15033;CASALE MONFERRATO;AL;45.11382499184595;8.443952053785324
10959;PALMERI PIETRO;Api-Ip;Altro;IP;CORSO MANACORDA 10 15033;CASALE MONFERRATO;AL;45.133419414560976;8.44805727598191
28556;LA TORTONESE DI GRAZIOLI CARLO E C. S.N.C.;Pompe Bianche;Altro;la tortonese ;VIA DELLO SPAZZACAMINO 20 15033;CASALE MONFERRATO;AL;45.15369375522906;8.448679388885466
31488;REPSOL ITALIA S.P.A.;Repsol;Altro;Repsol_Casale M._(AL001);STRADA PROVINCIALE 55 CASALE-VALENZA KM0,466  15033;CASALE MONFERRATO;AL;45.11975759048249;8.492206335067749
17871;ALIRES DI ALINERI OSCAR;Esso;Altro;STAZIONE DI SERVIZIO ESSO;S.S. 31 BIS KM 41+096 - FRAZ. POPOLO  15033;CASALE MONFERRATO;AL;45.15847353485325;8.426594138145447
37136;MENEGHETTI ALESSANDRO;Tamoil;Altro;STAZIONE DI SERVIZIO TAMOIL;VIALE OTTAVIO MARCHINO 129 15033;CASALE MONFERRATO;AL;45.124261516953965;8.445535898208618
10985;RABAGLIATI GIANNI;Total Erg;Altro;TOTALERG;VIA ADAM 25 15033;CASALE MONFERRATO;AL;45.14562027661047;8.445768039950508
12387;DEMARIA IVO;Total Erg;Altro;TOTALERG;via negri angolo via c. massaia  15033;CASALE MONFERRATO;AL;45.13119518050285;8.471979796886444
12662;BRUGGI SERGIO;Q8;Altro;bruggiq8;corso don orione  15052;CASALNOCETO;AL;44.91584772910386;8.982343822717667
39596;AH.IB DI AHMED IBRAHIM HASSAN;Pompe Bianche;Altro;Ludoil Re s.p.a. ;Via Circonvallazione  13 15063;CASSANO SPINOLA;AL;44.76482962046291;8.861463601258038
38739;F.LLI AIACHINI DI SIMONE E CARLO AIACHINI S.N.C.;KEROPETROL;Strada Statale;SELF 24;Statale 30 di Val Bormida, Km. 71, dir. acqui terme 15016;CASSINE;AL;44.77763888017939;8.537268117070198
6897;TOSELLI PIERANGELO;Agip Eni;Strada Statale;toselli pierangelo p.v.53068 ;Statale 30 di Val Bormida, Km. 19, dir. savona 15016;CASSINE;AL;44.75224368424258;8.528593182563782
31339;NUOVA SIDAP  S.R.L.;Esso;Autostradale;BORMIDA EST;Autostrada A26 (GE) VOLTRI-GRAVELLONA T., Km. 52,9, dir. Est 15073;CASTELLAZZO BORMIDA;AL;44.81958678913551;8.594934940338135
3622;A.D.S. BORMIDA OVEST DI MAX STEFANO;Total Erg;Autostradale;BORMIDA OVEST;Autostrada A26 (GE) VOLTRI-GRAVELLONA T., Km. 52+900, dir. Sud 15073;CASTELLAZZO BORMIDA;AL;44.817164294623424;8.593924839286842
17274;F.LLI AIACHINI DI SIMONE E CARLO AIACHINI S.N.C.;KEROPETROL;Altro;KEROPETROL;VIALE MADONNINA DEI CENTAURI 130 15073;CASTELLAZZO BORMIDA;AL;44.84855109778659;8.574221581220627
13220;T.A.M. PETROL DI MOLINA GIUSEPPE E GIANLUCA S.A.S;Tamoil;Altro;TAMOIL;Strada Aulara 2424 15073;CASTELLAZZO BORMIDA;AL;44.85094129357722;8.613011920009285
40043;TACCHINO RITA;Esso;Altro;Distributore ESSO;LOC. MADONNINA 38 15060;CASTELLETTO D'ORBA;AL;44.689459911387225;8.696196006059267
34482;MAZZOLENI FEDERICO;Agip Eni;Altro;Eni 52906;via Roma 25 15040;CASTELLETTO MONFERRATO;AL;44.97819451085999;8.56962963938713
3595;3 T S.N.C. DI TARTAGLIONE SABATINO E C.;Tamoil;Autostradale;CASTELNUOVO SCRIVIA EST;Autostrada A7 MILANO-SERRAVALLE, Km. 60.7, dir. Nord 15017;CASTELNUOVO SCRIVIA;AL;44.934255190267784;8.853406559524501
3606;SILLA FABIO E C. - S.N.C.;Agip Eni;Autostradale;CASTELNUOVO SCRIVIA OVEST;Autostrada A7 MILANO-SERRAVALLE, Km. 60.7, dir. Sud 15053;CASTELNUOVO SCRIVIA;AL;44.933913612012745;8.852185606956482
9938;TROVAMALA EZIO;Agip Eni;Altro;eni;Via Luigi Einaudi 52 15053;CASTELNUOVO SCRIVIA;AL;44.97875278981931;8.88831737301632
41395;TC OIL DI TORIELLI DANIELE S.N.C.;Pompe Bianche;Altro;EUROPAM;Strada Provinciale Per Tortona 36   15053;CASTELNUOVO SCRIVIA;AL;44.96856602482034;8.878963440656662
42407;BIDONE BARBARA;Total Erg;Altro;total erg;VIALE EINAUDI 96 15053;CASTELNUOVO SCRIVIA;AL;44.97793900000002;8.893388296820035
31301;"KEROTRIS - SOCIETA' A RESPONSABILITA' LIMITATA";Kerotris;Altro;Kerotris Cremolino;Strada Statale, 204 della priarona km 1+700  15010;CREMOLINO;AL;44.63196586147515;8.615738153457642
33913;EUROPAM S.P.A.;Europam;Altro;EUROPAM FABBRICA CURONE;VIA ROMA 7 15054;FABBRICA CURONE;AL;44.786147787344596;9.14641723036766
38630;FULL ENERGY S.A.S. DI COSTA ROSALIA E C.;Agip Eni;Strada Statale;Full Energy ;Statale 10 Padana Inferiore, Km. 78+313, dir. Alessandria - Asti  15023;FELIZZANO;AL;44.90091448085069;8.432559370994568
32629;"IP SERVICES S.R.L.";Api-Ip;Altro;FRUGAROLO - PIO V 17;VIA SAN PIO V 17 15065;FRUGAROLO;AL;44.83845072831827;8.681498227043335
10321;FRACCHIA GIOVANNI;Agip Eni;Altro;ENI;Corso Aldo Porro 46 15043;FUBINE;AL;44.96505412912552;8.428419381380081
20380;GARIMANNO FRANCESCO;Tamoil;Altro;GARIMANNO FRANCESCO;VIA TORINO 22 15020;GABIANO;AL;45.159221520294615;8.17576004299167
11450;BENASSI ROBERTO;Agip Eni;Altro;Benassi Roberto;STRADA PROVINCIALE PER SERRAVALLE 10 R 15066;GAVI;AL;44.69046688038487;8.819594085216522
8875;BENZO MAURIZIO;Api-Ip;Altro;Impianto IP di Benzo Maurizio;VIA DANTE 5 15070;LERMA;AL;44.63587172973932;8.714568140228607
10825;RICCOBONO ALESSIA;Agip Eni;Altro;eni 1445;VIA GAMINELLA 17/B 15020;MOMBELLO MONFERRATO;AL;45.1191227064854;8.246226984130885
16764;MELIA GIUSEPPE;Tamoil;Strada Statale;Stazione di Servizio Tamoil 7837;Statale 590 della Val Cerrina, Km. 55+233, dir. Casale 15020;MOMBELLO MONFERRATO;AL;45.11634468026809;8.261091113090515
41572;TC OIL DI TORIELLI DANIELE S.N.C.;Europam;Altro;EUROPAM;CORSO ROMA SP 100 KM. 3+100  15059;MONLEALE;AL;44.88841263665889;8.978089839220047
30694;LAVAGNA BENITO;Q8;Strada Statale;Distributore Q8 di Lavagna Benito;Statale 30 di Val Bormida, Km. 51+584, dir. Acqui-savona 15010;MONTECHIARO D'ACQUI;AL;44.59835733486212;8.353025168180466
4956;SO.GE.DI DI RATTI FRANCESCO & C. S.A.S.;Ratti;Altro;PV05 - RATTI - MONTEGIOCO;STRADA PROV. PER GARBAGNA  15050;MONTEGIOCO;AL;44.83789050959627;8.952918737434402
20605;LUGANO DANIELE;Total Erg;Altro;LUGANO DANIELE;VIA TORTONA 10 15050;MONTEMARZINO;AL;44.85599098912033;9.005210767922563
42151;KEROTRIS S.P.A.;Kerotris;Altro;Kerotris - Morano;VIA CASALE 40 15025;MORANO SUL PO;AL;45.16319189227557;8.40355396270752
16334;GAMARINO S.A.S. DI GAMARINO SERGIO ACHILLE E C.;Tamoil;Altro;6014;via torino  15020;MURISENGO;AL;45.08799555801812;8.129347711801529
30770;T.D.M. S.R.L.;Tamoil;Altro;4332;via Mazzini  124 15067;NOVI LIGURE;AL;44.77576623433885;8.789794743061066
19450;TRAVERSO ANDREA;Pompe Bianche;Altro;AUTOFFICINA TRAVERSO ANDREA METANO;VIA CASSANO KM.0,500 SNC 15067;NOVI LIGURE;AL;44.76702526257472;8.813390135765076
3877;TOTALERG S.P.A.;Total Erg;Autostradale;BETTOLE DI NOVI LIGURE EST;Autostrada A7 MILANO-SERRAVALLE, Km. 80.3, dir. Nord 15067;NOVI LIGURE;AL;44.7609768990991;8.83840982209017
3879;TOTALERG S.P.A.;Total Erg;Autostradale;BETTOLE DI NOVI LIGURE OVEST;Autostrada A7 MILANO-SERRAVALLE, Km. 80.3, dir. Sud 15067;NOVI LIGURE;AL;44.76012199999999;8.8371120846557
40749;MAX SERVICE DI MAX STEFANO & C. S.N.C.;Agip Eni;Altro;ENI;Strada Provinciale  155 km0+150 15067;NOVI LIGURE;AL;44.76677532207809;8.767928034067154
41183;STAZIONE DI SERVIZIO AGIP N. 11415 DI CARANO ENRICO;Agip Eni;Altro;Eni 11415 ;VIA EDILIO RAGGIO S.N. 15067;NOVI LIGURE;AL;44.75611942434234;8.798246383666992
6942;G.E. CARBURANTI S.N.C. DI STERPI EZIO & C.;Api-Ip;Altro;G.E.Carburanti SNC di Sterpi Ezio e C.;VIA EDILIO RAGGIO 18 15067;NOVI LIGURE;AL;44.75813149653807;8.794127367246574
3801;AUTOBAR DI GINETTI G. & C. SRL;Total Erg;Autostradale;MARENGO NORD;Autostrada A26 (GE) VOLTRI-GRAVELLONA Raccordo con A7, Km. 9+700, dir. Ovest 15067;NOVI LIGURE;AL;44.8006432348141;8.748666387557932
3688;SERVIZI & GESTIONI ITALIA S.R.L.;Q8;Autostradale;MARENGO SUD;Autostrada A26 (GE) VOLTRI-GRAVELLONA Raccordo con A7, Km. 9+700, dir. Est 15067;NOVI LIGURE;AL;44.800784422120245;8.751063644886017
36525;NEW TRUCK S.R.L.;KEROPETROL;Strada Statale;NOVI;Statale 35 dei Giovi, Km. 3+801, dir. SERRAVALLE SCRIVIA 15067;NOVI LIGURE;AL;44.74756380603914;8.811774271163927
6406;SERVIZI & GESTIONI ITALIA srl;Q8;Altro;NOVI LIGURE SS 35 BIS KM. 6+342 STAZ. Q8;SS 35 BIS KM. 6+342 STAZ. Q8 SNC 15067;NOVI LIGURE;AL;44.76899914598797;8.803740995770227
15868;F.P. - OIL S.N.C. DI VERDONA FABIO E PAOLO;Agip Eni;Altro;Novi Ligure Via Mazzini , 56;Via G. Mazzini 56 15067;NOVI LIGURE;AL;44.76882042248461;8.788593113422394
11458;SERVIZI & GESTIONI ITALIA S.R.L.;Q8;Altro;NOVI LIGURE-C/O CENTRO COMMLE BENNET;C/O CENTRO COMMLE BENNET S/N 15067;NOVI LIGURE;AL;44.770325677047474;8.77283411045073
4954;SO.GE.DI DI RATTI FRANCESCO & C. S.A.S.;Ratti;Altro;PV04 - RATTI - NOVI LIGURE;VIA S.P. BOSCO MARENGO KM.20  15067;NOVI LIGURE;AL;44.773415575438655;8.76432172883608
35360;G&G SNC DI GRILLO MARCO & C.;Repsol;Altro;REPSOL;strada provinciale N.155 Km.2 SNC 15067;NOVI LIGURE;AL;44.76953108240272;8.745956048369408
36381;NUOVA R.O.P. DI ROSA ROMOLO & C. S.N.C.;Retitalia;Strada Statale;RETITALIA;Statale 35 dei Giovi, Km. 5.100, dir. NORD 15067;NOVI LIGURE;AL;44.75834479086821;8.807520121335983
13168;PELIZZA MASSIMO;Total Erg;Altro;stazione di servizio totalerg;VIA MAZZINI 58 15067;NOVI LIGURE;AL;44.76926639496404;8.788749352097511
17109;GE.MA. DI DAGA GIOVANNA;Agip Eni;Strada Statale;eni;Statale 31 del Monferrato, Km. 33+205, dir. alessandria 15040;OCCIMIANO;AL;45.06904222756787;8.493894785642624
38067;NUOVA SIDAP  S.R.L.;Tamoil;Autostradale;MONFERRATO EST;Autostrada A26 (GE) VOLTRI-GRAVELLONA T., Km. 83,5, dir. EST 15040;OCCIMIANO;AL;45.07534193410377;8.510706421220675
23131;SERVIZI & GESTIONI ITALIA S.R.L.;Q8;Autostradale;MONFERRATO OVEST;Autostrada A26 (GE) VOLTRI-GRAVELLONA T., Km. 83, dir. Sud 15040;OCCIMIANO;AL;45.07372869026294;8.509563236770646
20414;BRIXIA FINANZIARIA S.R.L.;Retitalia;Altro;Stazione Retitalia Brixia - Occimiano;Via Vittorio emmanuele II (S.P. 31 Km. 37+460) 69 15040;OCCIMIANO;AL;45.055733070842756;8.512168675661087
10563;PASQUA ALDO;Total Erg;Altro;distributore total erg ;STRADA NOVI 47 15076;OVADA;AL;44.651351531263764;8.654593974351883
35057;DIMAX DI MAX MARCO;Agip Eni;Altro;ENI DIMAX;VIA A. GRAMSCI 9/A 15076;OVADA;AL;44.638012280860046;8.649108186364174
39627;L'OASI  S.A.S. DI BARONE SALVATORE & C.;Agip Eni;Strada Statale;ENI OVADA;Statale 456 del Turchino, Km. 60+700, dir. genova 15076;OVADA;AL;44.63059895042184;8.64492260083307
18146;ALLOISIO FRATELLI DI ALLOISIO GIAN LORENZO E VANIA S.N.C.;Esso;Altro;ESSO;VIA MOLARE  60/D 15076;OVADA;AL;44.62263817866465;8.62450595563223
15017;ROSSO GIACINTO;Api-Ip;Altro;OVADA;S.P. per Novi  53 15076;OVADA;AL;44.65269749917658;8.655112981796265
11453;SERVIZI & GESTIONI ITALIA S.R.L.;Q8;Altro;OVADA-VIA VOLTRI 27/E;VIA VOLTRI 27/E 15076;OVADA;AL;44.63157858375239;8.644725305557245
11246;AUTOEQUIPE DI PONGOLI GABRIELE;Q8;Altro;Q8 oviglio;REGIONE SAN GIOVANNI 1 15026;OVIGLIO;AL;44.860808819371464;8.493230938911438
20499;MENEGHETTI ALESSANDRO;Tamoil;Altro;Stazione di Servizio TAMOIL MENEGHETTI ALESSANDRO;VIA ROMA 111, 15039;OZZANO MONFERRATO;AL;45.107547243303;8.361368179321289
26988;COM.PET VALENZA S.R.L.;Pompe Bianche;Altro;COM.PET VALENZA SRL;Strada Prov. Casale - Valenza km15+458  15040;POMARO MONFERRATO;AL;45.05781802928634;8.610180616378784
13830;BECOJL SRL;Kerotris;Altro;Kerotris - Pontecurone;STRADA STATALE 10 EMILIA SUD PER VOGHERA 17/19 15055;PONTECURONE;AL;44.94360462136133;8.915041834115982
17787;SCAPOLAN PAOLO;Esso;Altro;SCAPOLAN PAOLO;PIAZZA VITTORIO 1 15055;PONTECURONE;AL;44.962960666775;8.93490694463253
38948;FUEL SERVICE S.N.C. DI MELONI FABRIZIO & C.;Agip Eni;Altro;fuel service;VIA BELVEDERE 33 15068;POZZOLO FORMIGARO;AL;44.79556449396139;8.777571246027946
36527;NEW TRUCK S.R.L.;KEROPETROL;Altro;POZZOLO;VIA NOVI 25 15068;POZZOLO FORMIGARO;AL;44.78765937982201;8.78802515566349
36678;NEW TRUCK S.R.L.;Pompe Bianche;Altro;Pozzolo2;Via Novi 5 15068;POZZOLO FORMIGARO;AL;44.78765833282297;8.788021802902222
7194;PONASSI S.N.C. DI PONASSI MASSIMIGLIANO & C.;Esso;Autostradale;CROCETTA SUD;Autostrada A21 TORINO-PIACENZA, Km. 48, dir. est;QUATTORDIO;AL;44.903752839393675;8.364530503749847
25988;FULL AND DRIVE S.A.S. DI NAVONE ANDREA VINCENZO, PERETTA FRANCO & C.;Esso;Altro;ESSO;Strada Provinciale 195, Km. 18+228, dir. ACQUI TERME  15010;RIVALTA BORMIDA;AL;44.704961906334034;8.546451330184937
41683;SERVIZI & GESTIONI ITALIA S.R.L.;Q8;Altro;RIVALTA SCRIVIA SS 211 KM 10+166;SS 211 KM 10+166  15057;RIVALTA BORMIDA;AL;44.87352335039509;8.829754558895502
28336;PENSA STEFANO;Europam;Strada Statale;EUROPAM;Statale 211 della Lomellina, Km. 21,000, dir. Tortona ;SALE;AL;44.96851808971861;8.81326812648922
11127;LAMANNA MAURIZIO;Esso;Altro;STAZIONE DI SERVIZIO ESSO;VIA BELLISOMI 74 15045;SALE;AL;44.98298487922724;8.812637999999993
35696;IACOCARBURANTI DI IACOMINO LUIGI;Api-Ip;Strada Statale;ip;Statale 457 di Moncalvo, Km. 3+144,5, dir. Ozzano 15030;SAN GIORGIO MONFERRATO;AL;45.101768810146574;8.418609872460365
32320;NEW TRUCK S.R.L.;Pompe Bianche;Strada Statale;P&P srl S. Salvatore Monferrato;Statale 31 del Monferrato, Km. 41+148, dir. Casale Monferrato 15046;SAN SALVATORE MONFERRATO;AL;45.01416773076601;8.549793362617493
28443;ZAMBRUNO MONICA E ILARIA SNC;Tamoil;Altro;TAMOIL di Zambruno Monica e Ilaria snc;Strada Provinciale 100 per Tortona  3 15056;SAN SEBASTIANO CURONE;AL;44.789839273760606;9.054638743400574
42239;DL S.N.C. DI LO TORTO MICHELE E C.;Esso;Altro;3742 esso;via Novi  4 15069;SERRAVALLE SCRIVIA;AL;44.7305937686222;8.849273398518562
35322;EREDI CAMPIDONICO - S.P.A.;Total Erg;Strada Statale;distributore carburanti- Serravalle Scrivia ;Statale 35 dei Giovi, Km. 52+ 214, dir. serravalle scrivia  15069;SERRAVALLE SCRIVIA;AL;44.74233544215581;8.846148625016212
10406;BLU DI MANNO CONCETTA & C. S.A.S.;Agip Eni;Altro;ENI;via serravalle  15069;SERRAVALLE SCRIVIA;AL;44.73203183543974;8.837599754333496
7300;SERVIZI & GESTIONI ITALIA S.R.L.;Q8;Altro;SERRAVALLE SCRIVIA - SS35 BIS.;SS35 BIS SN 15069;SERRAVALLE SCRIVIA;AL;44.73516279878055;8.83349597454071
8341;SERVIZI & GESTIONI ITALIA S.R.L.;Q8;Altro;SERRAVALLE SCRIVIA VIA MARTIRI DELLA BENEDICTA;VIA MARTIRI DELLA BENEDICTA  15069;SERRAVALLE SCRIVIA;AL;44.727302135823535;8.854205300663807
32172;DIS-CAR DI SARRA PAOLO & C. S.N.C.;Api-Ip;Altro;SEZZADIO;VIA PIO V 2 15079;SEZZADIO;AL;44.785542896759246;8.571126636735926
7358;SETNICKA MARCO;Q8;Altro;SETNICKA MARCO;VIA GRAMSCI 15 15060;SILVANO D'ORBA;AL;44.67660882375854;8.669478808737153
28723;GARBARINO WALTER;Retitalia;Strada Statale; ALT BAR di Garbarino Walter;Statale 30 di Val Bormida, Km. 59+175, dir. SAVONA 15018;SPIGNO MONFERRATO;AL;44.541564656064445;8.334509879350662
42512;ERRETRE S.R.L.;Pompe Bianche;Altro;ERRETRE STREVI;EX SS 30  15019;STREVI;AL;44.713534505811495;8.532291948795319
25111;BECCARIA S.R.L. - SOCIETA' A RESPONSABILITA' LIMITATA;Q8;Altro;PV Terzo;S.P. KM0+950  15010;TERZO;AL;44.67548497218664;8.420496060161554
11151;RIZZATO MARCO;Tamoil;Altro;distributore tamoil;VIA MATTEOTTI 106 15040;TICINETO;AL;45.09597540206321;8.547391444444656
6819;VERGAGNI ROBERTO;Agip Eni;Altro;AGIP;PIAZZA MILANO 42 15057;TORTONA;AL;44.89986106169106;8.86414540082194
35124;PAMPURI EMILIANO;Agip Eni;Strada Statale;Eni 11409;Statale 211 della Lomellina, Km. 13+350, dir. Tortona 15057;TORTONA;AL;44.9008016275079;8.839197009801865
31896;GESTIONI INNOVATIVE ITALIA S.R.L.;Agip Eni;Altro;PV 1498;STRADA STATALE 10 KM 116+987   15057;TORTONA;AL;44.90851541929579;8.879725858569145
4955;SO.GE.DI DI RATTI FRANCESCO & C. S.A.S.;Ratti;Altro;PV01 - RATTI - TORTONA;STRADA PROVINCIALE PER VILLAROMAGNANO 27 15057;TORTONA;AL;44.85793412195657;8.877018408563572
29685;SO.GE.DI DI RATTI FRANCESCO & C. S.A.S.;Ratti;Altro;PV02 - RATTI - TORTONA;S.S. PER VOGHERA 75 15057;TORTONA;AL;44.90790059861815;8.866466034393284
4953;SO.GE.DI DI RATTI FRANCESCO & C. S.A.S.;Ratti;Altro;PV03 - RATTI - TORTONA;VIA PIEMONTE 11 15057;TORTONA;AL;44.906624802429405;8.869979186508203
11406;GEMME ROBERTO;Q8;Altro;q8 gemme;S.P. per Pozzolo Formigaro km 10,166  15057;TORTONA;AL;44.87351921079925;8.82974088191986
10308;GRAVANTE FERDINANDO;Pompe Bianche;Altro;Ratti di Gravante Ferdinando;CORSO SILVIO PILOTTI 2 15057;TORTONA;AL;44.905397655307105;8.886753916740417
34697;ROME S.N.C. DI ALI A., IQBAL N. E ROME I.;Pompe Bianche;Altro;ROME METANO;Strada Provinciale 130, Km. 0.150, dir. romagnano  15057;TORTONA;AL;44.870018228819866;8.859038650989532
25836;SARTOR FIORENZO;Esso;Altro;Sartor Fiorenzo;EX S.S. 35 KM. 68+500 S.N.C. 15057;TORTONA;AL;44.88212990723867;8.858408331871033
4968;FRACCHETTA SANDRINO;Retitalia;Altro;STAZIONE DI SERVIZIO  RETITALIA;LOCALITA' RONDO'  15057;TORTONA;AL;44.893791749730894;8.840574324131012
38791;STAZIONE DI SERVIZIO AGIP DI DI CARMINE LUIGI;Agip Eni;Altro;STAZIONE DI SERVIZIO AGIP;LARGO EUROPA 70 15057;TORTONA;AL;44.90128830396944;8.868795612303188
7428;PERSETTI ARMANO GIOVANNA;Tamoil;Strada Statale;TAMOIL;Statale 35 dei Giovi, Km. 67 + 463, dir. genova;TORTONA;AL;44.87341352692213;8.857045769691467
15040;VACCHELLI GIACOMO GAETANO;Api-Ip;Altro;TORTONA;STRADA STATALE PER ALESSANDRIA KM.113+614  15057;TORTONA;AL;44.894972852599714;8.84736567735672
10077;GESTIONI EUROPA - SOCIETA' PER AZIONI;Total Erg;Altro;Tortona;S.S.35 km.68+350  15057;TORTONA;AL;44.88125189681481;8.858195388509444
7108;"S.S.C. SOCIETA' SVILUPPO COMMERCIALE S.R.L." IN SIGLA "S.S.C. S. R.L.;Carrefour;Altro;TORTONA;VIA POSTUMIA SNC 15057;TORTONA;AL;44.882598145758294;8.855548671842712
28675;"IP SERVICES S.R.L.";Api-Ip;Altro;TORTONA - ARZANI;VIA ARZANI 3 15057;TORTONA;AL;44.90083720384995;8.872435601555253
23835;SERVIZI & GESTIONI ITALIA S.R.L.;Q8;Altro;TORTONA CORSO DON ORIONE;CORSO DON ORIONE  ;TORTONA;AL;44.88950890894893;8.859420260118895
3798;COGI DI CORBETTA GIGI E C. S.A.S.;Q8;Autostradale;TORTONA NORD;Autostrada A21 TORINO-PIACENZA, Km. 91.328, dir. Ovest;TORTONA;AL;44.93516582629164;8.883669263274442
4638;NUOVA SIDAP  S.R.L.;Esso;Strada Statale;Tortona Oil;Statale 10 Padana Inferiore, Km. 113+700, dir. Alessandria 15057;TORTONA;AL;44.894981103976484;8.848331958969084
3529;VIPA OIL S.N.C. DEI F.LLI VERDONA PAOLO E FABIO & C.;Agip Eni;Autostradale;TORTONA SUD;Autostrada A21 TORINO-PIACENZA, Km. 91.328, dir. Est;TORTONA;AL;44.93520705640997;8.885573744773865
42410;BIDONE BARBARA;Total Erg;Strada Statale;total erg;10 Padana Inferiore, Km. 114+115, tortona 15057;TORTONA;AL;44.89554439428435;8.853962570428848
30461;EL.PA. S.N.C. DI TIRIBELLO PAOLO E PRINA ELENA;Total Erg;Strada Statale;totalerg;Statale 10 Padana Inferiore, Km. 114+115, dir. tortona 15057;TORTONA;AL;44.895540404140895;8.853861317038536
16328;ACI-SERVIZI ALESSANDRIA S.R.L.;Api-Ip;Altro;ACI SERVIZI ALESSANDRIA;Viale Santuario 35 15048;VALENZA;AL;45.007996982375445;8.63699197769165
38931;GRIGOLETTO FABRIZIO  DISTRIBUTORE ENI;Agip Eni;Altro;ENI;S.S.494 KM 78 78 15048;VALENZA;AL;45.00453472348812;8.634726852178574
40913;RI.AL. S.A.S. DI LO TORTO MICHELE E C.;Esso;Strada Statale;ESSO;Statale 494 Vigevanese, Km. 79+370, dir. Alessandria 15048;VALENZA;AL;44.99671757738247;8.639141262565545
17209;CABONA EZIO ALESSANDRO;Api-Ip;Altro;IP;VIALE REPUBBLICA 124 15048;VALENZA;AL;45.02207081860988;8.630206881739014
27635;GESTIONI INNOVATIVE ITALIA S.R.L.;Agip Eni;Altro;PV 53738;S.P. Valenza-Pontecurone  15048;VALENZA;AL;45.00447953654912;8.66182655096054
30940;CAPELLINO SARA;Tamoil;Altro;TAMOIL;VIALE B.CELLINI  13 15048;VALENZA;AL;45.01090058983014;8.646784722805023
6408;SERVIZI & GESTIONI ITALIA srl;Q8;Altro;VALENZA PO VIA CIRCONV.NE OVEST;VIA CIRCONV.NE OVEST SNC 15048;VALENZA;AL;45.00364801777708;8.638562820237667
33888;EMMEPI DI PREGNOLATO MICHELA;Tamoil;Altro;EMMEPI;VIA CANTAMESSA 15 15049;VIGNALE MONFERRATO;AL;45.009383160870186;8.39396403256228
29320;NEW TRUCK S.R.L.;Pompe Bianche;Altro;P&P SRL Vignole Borbera;VIA LIBERTA' 2 15060;VIGNOLE BORBERA;AL;44.70632019324717;8.8926107341955
27342;DEMICHELIS LUISA;Pompe Bianche;Strada Statale;Demichelis Luisa;Statale 31 del Monferrato, Km. 17+500, dir. Vercelli 15030;VILLANOVA MONFERRATO;AL;45.1798807869523;8.472290933132172
7297;SERVIZI & GESTIONI ITALIA S.R.L.;Q8;Altro;VILLANOVA MONFERRATO.;C/O BENNET MONFERRATO SHOPPING C SN 15030;VILLANOVA MONFERRATO;AL;45.166926910748316;8.465003093254154
36908;GABBIANELLI STEFANO;Agip Eni;Altro;stazione di servizio ENI di Gabbianelli Stefano;strada povinciale del vallone km 9+085 a2 60020;AGUGLIANO;AN;43.55162136626106;13.392385616898537
38962;UNIONE PETROLI S.R.L.;Pompe Bianche;Altro;ANCOIL;VIA ASSE NORD/SUD 4 60131;ANCONA;AN;43.57209089682786;13.516402244567871
38963;UNIONE PETROLI S.R.L.;Pompe Bianche;Altro;ANCOIL;VIA ASSE NORD/SUD 3 60131;ANCONA;AN;43.57165974075981;13.515661764942934
39032;UNIONE PETROLI S.R.L.;Pompe Bianche;Altro;ANCOIL;via delle grotte 38 60126;ANCONA;AN;43.60205233222566;13.47883053123951
16008;METANO 96 SRL;Agip Eni;Altro;ANCONA;VIA DEL LAVORO;ANCONA;AN;43.61378154161841;13.498352534897322
40994;"IP SERVICES S.R.L.";Api-Ip;Altro;ANCONA - ANGELI DI VARANO;S.P. CAMERANENSE KM. 3,300  60131;ANCONA;AN;43.55889904352929;13.525267615914345
6605;SERVIZI & GESTIONI ITALIA srl;Q8;Altro;ANCONA ASSE NORD/SUD - LOC.COLLEVERDE;ASSE NORD/SUD - LOC.COLLEVERDE SNC 60100;ANCONA;AN;43.59345925982531;13.520997881089784
19939;INTERPETROL - S.R.L.;Interpetrol;Altro;Asse Nord-Sud; ASSE NORD SUD   LOC.COLLEVERDE   60100;ANCONA;AN;43.59339831242091;13.519966900348663
40051;IMPIANTI DISTRIBUZIONE PETROLI - S.R.L.;Q8;Altro;BaraccolaQ8;via 1° maggio 50 60131;ANCONA;AN;43.5611884920966;13.510467857122421
31994;MAR.FI. S.R.L.;Esso;Altro;BELLIGONI;MOLO MANDRACCHIO SNC 60125;ANCONA;AN;43.61303802837313;13.502974435687065
40675;IMPIANTI DISTRIBUZIONE PETROLI - S.R.L.;Pompe Bianche;Strada Statale;carburanti discount;Statale 16 bis Adriatica, Km. 304+903, dir. Ancona 60123;ANCONA;AN;43.55160105605795;13.517680224536889
40676;IMPIANTI DISTRIBUZIONE PETROLI - S.R.L.;Pompe Bianche;Altro;carburanti discount dico;VIA DELLA MONTAGNOLA 75 60127;ANCONA;AN;43.596484237136124;13.513328433036804
7578;PETROLIFERA ADRIATICA S.P.A.;Retitalia;Altro;DISTRIB Retitalia AN Via G.Bruno;VIA GIORDANO BRUNO SNC 60127;ANCONA;AN;43.60426212163649;13.505712302516145
7814;PETROLIFERA ADRIATICA S.P.A.;Retitalia;Altro;DISTRIB. Retitalia Montagnola;VIA DELLA MONTAGNOLA SNC 60127;ANCONA;AN;43.59882645054104;13.508795499801636
5729;BARTOLUCCI SAURO;Api-Ip;Altro;DISTRIBUTORE CARBURANTI IP LOC.PONTELUNGO SS16 VARIANTE KM 301,053;VIA PONTELUNGO VARIANTE KM 301,053  60127;ANCONA;AN;43.580498887058454;13.496508300304413
29527;MALVASI E CASTELLUCCI DI MALVASI ANTONIO & C. S.A.S.;Agip Eni;Altro;ENI 5700;via flaminia 41 60126;ANCONA;AN;43.606018154304294;13.49353976547718
35814;ESSO DANY DI FERRATO DANIELE;Esso;Altro;Esso Dany;VIA ALBERTINI 35 60131;ANCONA;AN;43.55578250425481;13.510497014294401
40499;PENTA PETROLI SRL;Pompe Bianche;Altro;EWA ANCONA;VIA SCATAGLINI 7 60131;ANCONA;AN;43.550612257804836;13.512749075889587
11358;FATTORI DANIELE;Pompe Bianche;Altro;FATTORI DANIELE;VIA ISONZO 140 60124;ANCONA;AN;43.614247037393355;13.524497510381252
13934;IL CONERO DI MACCIONI MAURO & C. S.A.S.;Agip Eni;Altro;IL CONERO DI MACCIONI MAURO & C. SAS;STRADA PROVINCIALE CAMERANENSE KM. 13 PASSO VARANO  60122;ANCONA;AN;43.57113732129531;13.524411991238594
8483;GIANGIACOMI DANILO;Api-Ip;Altro;IP;via della montagnola 20 60128;ANCONA;AN;43.59969120892457;13.508535325527191
19748;M.G.M. DI FALCETTA E C. S.N.C.;Pompe Bianche;Altro;M.G.M. DI FALCETTA E C. S.N.C.;VIA DEL CARMINE 41 60131;ANCONA;AN;43.594396020077;13.46142366528511
14877;CARBUPAN - S.R.L.;Agip Eni;Strada Statale;palombina;Statale 16 Adriatica, Km. 286, dir. sud;ANCONA;AN;43.61444534979911;13.43777060508728
36954;FREDDARA LEARCO;Pompe Bianche;Altro;Petrol Carburanti ;VIA CASINE DI PATERNO 118 60131;ANCONA;AN;43.5729600716946;13.424956188033775
7151;PETROLSANZIO SRL;Agip Eni;Altro;Petrolsanzio srl ;STRADA VECCHIA DEL PINOCCHIO 18/b 60131;ANCONA;AN;43.582853768814815;13.499753773212433
9515;LA MARINA DORICA - S.P.A.;Api-Ip;Altro;PORTO TURISTICO DI ANCONA;VIA G. MASCINO 5/L 60125;ANCONA;AN;43.610004805614295;13.481850028038025
25202;GESTIONI INNOVATIVE ITALIA S.R.L.;Agip Eni;Altro;PV 55897; LOC. PONTELUNGO SNC 60131;ANCONA;AN;43.57793561401694;13.49945068359375
40677;IMPIANTI DISTRIBUZIONE PETROLI - S.R.L.;Q8;Altro;Q8 viale della Vittoria;VIALE DELLA VITTORIA 12/A 60123;ANCONA;AN;43.61620139692351;13.52166473865509
19813;RO.MA. - S.R.L.;Esso;Altro;ro.ma,srl;STRADA PROV.LE CAMERANENSE KM 0,100  60131;ANCONA;AN;43.58670104327577;13.524318784475327
19708;BRINCHI LEONARDO;Agip Eni;Altro;SELF AREA ENI DI BRINCHI LEONARDO;VIA DELLA MONTAGNOLA 24 60127;ANCONA;AN;43.59871298389587;13.50843614907376
31576;CESANELLI FABRIZIO;Api-Ip;Altro;Stazione di Rifornimento di Fabrizio Cesanelli;VIA DEL CONERO 101 60129;ANCONA;AN;43.600632405655006;13.543618029430377
4317;AUCHAN S.P.A.;Auchan;Altro;Stazione di servizio Auchan;VIA SCATAGLINI 6 60100;ANCONA;AN;43.5540584363206;13.51595163345337
31587;BRINCHI LEONARDO;Esso;Altro;stazione di servizio esso di Brinchi Leonardo;via metauro 45 d 60126;ANCONA;AN;43.60016942353077;13.449805676937103
25535;SIMONETTI MARIO S.R.L.;Simonetti Petroli;Altro;Stazione di Servizio IS - Ancona;VIA CRISTOFORO COLOMBO 104/B, 60127  ;ANCONA;AN;43.60012649389328;13.504981302922033
37537;SIMONETTI MARIO S.R.L.;Pompe Bianche;Altro;Stazione di Servizio Montesicuro;Via Montesicuro 49 60131;ANCONA;AN;43.552890474115785;13.460607496432658
12294;SOCCI STEFANO;Total Erg;Altro;stazione di servizio totalerg di Socci Stefano;VIA BRECCE BIANCHE 57 60131;ANCONA;AN;43.577187167836506;13.514938677246164
5208;METANO SENIGALLIA S.R.L.;Agip Eni;Altro;Stazione Pinocchio;STRADA VECCHIA DEL PINOCCHIO 18 60131;ANCONA;AN;43.582845997079325;13.499767184257507
30459;LUCONI FEDERICO;Total Erg;Altro;totalerg;via flaminia 226 60126;ANCONA;AN;43.60966293884717;13.455928440861499
34244;SOCCI STEFANO;Total Erg;Altro;Totalerg stazione di servizio di socci stefano;VIA SACRIPANTI 9 60131;ANCONA;AN;43.57785227377466;13.507664902481451
17708;VAREN DI CUPIDO CRISTIANA  &  C. S.N.C.;Esso;Altro;VAREN SNC;VIA I MAGGIO 148 60131;ANCONA;AN;43.542583305025595;13.509275615215302
6291;MARINELLI GIGLIOLA;Q8;Strada Statale;MARINELLI GIGLIOLA;Statale 360 Arceviese, Km. 30+026, dir. ARCEVIA 60010;ARCEVIA;AN;43.53390770794811;12.978195548057556
10960;A.S.I.A. DI CALCATELLI I. E MORICO S. S.A.S.;Tamoil;Altro;Tamoil Arcevia;Via San Giovanni Battista;ARCEVIA;AN;43.5043847269517;12.948313057422638
20067;PE.DO. DI PERINI E DORAZI S.N.C.;Api-Ip;Altro;PE.DO. SNC;VIA F.LLI KENNEDY S.N.C., 60010;BARBARA;AN;43.57841839999998;13.027545705487796
38051;T.D.M. S.R.L.;Tamoil;Altro;6015;VIA PAPA GIOVANNI XXIII 1 60021;CAMERANO;AN;43.52916176294225;13.55119451880455
30671;LAVAGGIO CAMERANO EST DI BUFARINI FABRIZIO;Pompe Bianche;Altro;Area di Servizio Eni di Bufarini Fabrizio;VIA DIRETTISSIMA DEL CONERO 54 60021;CAMERANO;AN;43.49974629242214;13.561739886999476
7106;"S.S.C. SOCIETA' SVILUPPO COMMERCIALE S.R.L." IN SIGLA "S.S.C. S. R.L.;Carrefour;Altro;CAMERANO CARREFOUR;VIA FARFISA  60021;CAMERANO;AN;43.52479408275744;13.523338531599393
6601;SERVIZI & GESTIONI ITALIA srl;Q8;Altro;CAMERANO VIA FARFISA;VIA FARFISA SNC 60021;CAMERANO;AN;43.51912047066237;13.528831815344233
22183;RAGNI MORGAN;Tamoil;Altro;Ditta Ragni Morgan;VIA LORETANA 114 60021;CAMERANO;AN;43.52314522056178;13.557693830688436
13690;LUCARELLI FABRIZIO E MARCHETTI MAURIZIO & C. S.N.C.;Agip Eni;Strada Statale;eni;Statale 16 Adriatica, Km. 309+314, dir. pescara 60021;CAMERANO;AN;43.523027178095035;13.522822111845016
20554;EREDI DI TRAVERSA FERDINANDO DI TRAVERSA IVO & C. - S.N.C.;Q8;Altro;Q8;VIA DIRETTISSIMA DEL CONERO 1/3 60021;CAMERANO;AN;43.5320539629294;13.525816181614687
19827;RAMAZZOTTI S.A.S. DI RAMAZZOTTI SERGIO & C.;Pompe Bianche;Altro;RAMAZZOTTI S.A.S.;VIA LORETANA 195 60021;CAMERANO;AN;43.527113221073485;13.556326614749878
18699;PETRACCINI FABIO;Api-Ip;Altro;stazione servizio ip;Strada Provinciale Camerano-Offagna, Km. 0+651, dir. SIROLO  60021;CAMERANO;AN;43.52565365905879;13.53114366531372
23429;SERVIZI & GESTIONI ITALIA S.R.L.;Q8;Altro;CAMERATA PICENA VIA PROV CHIARAVALLESE;VIA PROV CHIARAVALLESE  60020;CAMERATA PICENA;AN;43.585588428382366;13.34150566745916
30467;FERMANA CARBURANTI S.R.L.;Tamoil;Altro;Fermana Castelbellino;VIA CLEMENTINA 21 60030;CASTELBELLINO;AN;43.503998926784924;13.149234027151806
38964;UNIONE PETROLI S.R.L.;Pompe Bianche;Altro;ANCOIL;VIA CHE GUEVARA 14 60022;CASTELFIDARDO;AN;43.45184076240452;13.588296175003052
32635;"IP SERVICES S.R.L.";Api-Ip;Altro;CASTELFIDARDO - XXV APRILE;VIA XXV APRILE  60022;CASTELFIDARDO;AN;43.46405548278741;13.554379883432375
6602;SERVIZI & GESTIONI ITALIA srl;Q8;Altro;CASTELFIDARDO-LOC. CERRETANO VIA JESINA SP3 DELLA VAL MUSONE KM5;VIA JESINA SP3 DELLA VAL MUSONE KM5  - LOC. CERRETANO SNC 60100;CASTELFIDARDO;AN;43.44618279467819;13.553947845368953
42451;CHOSEN1 S.R.L.S.;Total Erg;Strada Statale;CHOSEN1;16 Adriatica, Km. 314+135, SUD 60022;CASTELFIDARDO;AN;43.49371777625697;13.553678914904594
34343;MARINI SAURO;Api-Ip;Altro;IP;VIA RECANATESE 15 60022;CASTELFIDARDO;AN;43.45177747974301;13.53486254811287
6365;SMA S.P.A.;Pompe Bianche;Altro;SIMPLY CASTELFIDARDO;VIA MUSONE 3/B 60022;CASTELFIDARDO;AN;43.45496162349693;13.596374803704862
25618;SIMONETTI MARIO S.R.L.;Simonetti Petroli;Altro;Stazione di Servizio IS - Castelfidardo; LOCALITA' CROCETTE SN, 60022  ;CASTELFIDARDO;AN;43.4704503741995;13.569800296170115
38839;GIAMPIERI LORENZO;Total Erg;Altro;totalerg;VIA IV NOVEMBRE 1 60022;CASTELFIDARDO;AN;43.461978563740395;13.55013269931078
4601;PETROLGAS - S.R.L.;Pompe Bianche;Altro;PETROLGAS;STRADA PROV.MONTECAROTTESE KM.2-700  60032;CASTELPLANIO;AN;43.51606452799004;13.12720449685105
25742;SCUPPA ROBERTO;Esso;Altro;SCUPPA ROBERTO;LOCALITA' CANNEGGE 5 60032;CASTELPLANIO;AN;43.49710397113806;13.104385435581207
31106;QUAD'S TIME SOCIETA' A RESPONSABILITA' LIMITATA SEMPLIFICATA CONU NICO SOCIO;Esso;Altro;Esso Cerreto d'Esi;VIA DANTE S.P.256 SNC 60043;CERRETO D'ESI;AN;43.32274639861006;12.986938878893852
5476;ENI FUEL S.P.A.;Agip Eni;Altro;15706 CHIARAVALLE;Via Che Guevara Ernesto SNC 60033;CHIARAVALLE;AN;43.61066892743474;13.329047910051258
15985;METANO 96 SRL;Agip Eni;Altro;CHIARAVALLE;Strada Prov.le per Castelferretti ;CHIARAVALLE;AN;43.59738584831663;13.348557547265614
3546;Nuova Sidap SRL;Api-Ip;Autostradale;ESINO OVEST;Autostrada A14 BOLOGNA-BARI-TARANTO, Km. 208+700, dir. Sud 60033;CHIARAVALLE;AN;43.62614179921585;13.334155568122924
6363;SMA S.P.A.;Pompe Bianche;Altro;SIMPLY CHIARAVALLE;VIA MAESTRI DEL LAVORO  60033;CHIARAVALLE;AN;43.61111837095064;13.326292634010315
26483;SIMONETTI MARIO S.R.L.;Simonetti Petroli;Altro;Stazione di Servizio IS - Chiaravalle;VIA VERDI S.N.C. 60033;CHIARAVALLE;AN;43.60181663335328;13.322510117067623
16371;TILIO TIZIANO & C. - S.N.C.;Total Erg;Altro;TOTALERG;VIA MARCONI 106 60033;CHIARAVALLE;AN;43.606821495284485;13.329245075583458
37961;ALL SERVICE POINT S.R.L.;Tamoil;Altro;ALL SERVICE POINT CORINALDO;S.P CORINALDESE 14+100  60013;CORINALDO;AN;43.646226767507684;13.080100106162718
26815;DE.MAS. DI SANTINI THOMAS E DEVID - S.N.C.;Simonetti Petroli;Altro;DISTRIBUTORE IS ;VIA NEVOLA 34 60013;CORINALDO;AN;43.63699481440317;13.060870887696865
39797;MANCINI ROBERTO;Agip Eni;Altro;stazione di servizio agip di Mancini Roberto;VIALE DELLA MURATA 43/A 60013;CORINALDO;AN;43.64265756469011;13.05730941237266
41929;BRUNORI EZIO;Api-Ip;Altro;BRUNORI EZIO;via matteotti 162 60034;CUPRAMONTANA;AN;43.45111271604618;13.109835013747215
26094;FRONTALINI MARCO;Api-Ip;Altro;distibutore IP di Frontalini Marco;VIA PONTEMAGNO SN 60034;CUPRAMONTANA;AN;43.479082164193365;13.175641000270844
25743;SCUPPA ROBERTO;Esso;Altro;SCUPPA ROBERTO;VIA CESARE BATTISTI 20 60034;CUPRAMONTANA;AN;43.44561894761651;13.113791417786388
35369;SPARAPANI S.N.C. DI SPARAPANI GIUSEPPE & C;Pompe Bianche;Altro;SPARAPANI ;VIA BARCHIO  12 60034;CUPRAMONTANA;AN;43.44559882894132;13.092338293790817
33009;CAMPIONI GIUSEPPE;Agip Eni;Altro;05716;VIA DANTE N.69 60044;FABRIANO;AN;43.34111351000683;12.913042182000709
8443;GOLDENGAS - SOCIETA' PER AZIONI;Api-Ip;Strada Statale;API/IP FABRIANO;Statale 76 della Val d'Esino, Km. 20+075, dir. NORD;FABRIANO ;AN;43.344401278396546;12.980791926383972
5153;BIEFFE S.A.S. DISTRIBUTORE METANO DI FRATONI MARIANO E C.;Pompe Bianche;Altro;BIEFFE S.A.S. DISTRIBUTORE METANO DI FRATONI MARIANO E C.;VIA DANTE 255/A, 60044;FABRIANO;AN;43.345720658429215;12.942873537540436
33644;PETROLIFERA ADRIATICA S.P.A.;Retitalia;Altro;DISTRIB. Retitalia Fabriano;VIALE MILIANI SS77  SS76 SNC 60044;FABRIANO;AN;43.330332221027724;12.89917767047882
37232;PETROLIFERA ADRIATICA S.P.A.;Retitalia;Altro;Distributore Retitalia Fabriano Martiri;VIA MARTIRI LIBERTA' KM 15-765 SNC 60044;FABRIANO;AN;43.34031129134895;12.898927554488182
25597;SERINI ANTONIO;Pompe Bianche;Altro;DISTRIBUTORE SANT'ELIA;FRAZ. SANT'ELIA N. 16, 60044;FABRIANO;AN;43.41940155787122;13.039698246256194
10341;ENERPETROLI S.R.L.;Esso;Altro;ENERPETROLI - PV FABRIANO ESSO - AN;VIA IV NOVEMBRE SNC 60044;FABRIANO;AN;43.33770406589705;12.900298833847046
40690;ALTAROCCA MAURO;Agip Eni;Altro;ENI CAFE' ALTAROCCA;VIA CORTINA SAN NICOLO' 1 60044;FABRIANO;AN;43.34378839289287;12.892035618424416
38142;ESSO STAZIONE SERVIZIO DI TOZZI TIZIANO;Esso;Strada Statale;ESSO ;Statale 76 della Val d'Esino, Km. 00, dir. Fabriano-Ancona 60044;FABRIANO;AN;43.343371394836936;12.916761722090087
6608;SERVIZI & GESTIONI ITALIA srl;Q8;Altro;FABRIANO DANTE 272;VIA DANTE 272 60044;FABRIANO;AN;43.35041998076409;12.927858166270425
6208;FATYGRILL DI ELABOUDI FATIMA;Agip Eni;Strada Statale;Fatygrill di Elaboudi Fatima (Autogrill);Statale 76 della Val d'Esino, Km. 19,606, dir. ROMA 60044;FABRIANO;AN;43.34441220177815;12.975014448165894
13382;F.LLI SILVESTRINI S.N.C. DI SILVESTRINI FABRIZIO E SILVESTRINI MASSIMO;Total Erg;Altro;FRATELLI SILVESTRINI SNC;VIA DANTE 160 60044;FABRIANO;AN;43.342271952451576;12.91431337594986
34690;FA.DO. S.N.C. DI MONTANARI ANDREA & PALECO ALESSANDRO.;Api-Ip;Altro;IP P.LE MATTEOTTI;PIAZZALE MATTEOTTI, 29  60044;FABRIANO;AN;43.336919905784065;12.908217755190663
34849;GENTILI S.N.C. DI GENTILI SIMONE E GENTILI LUIGI;Pompe Bianche;Altro;M3;VIA E. CASOLI 3 60044;FABRIANO;AN;43.34629238120224;12.942298147290785
15984;NATURAL GAS S.R.L.;Natural Gas;Altro;NATURAL GAS SRL;Ex SP 47, Km 2,743 Loc.tà Melano Marischio 60044;FABRIANO;AN;43.34590713260119;12.860065698623657
21723;P.A.R.DI PAOLINI ANNA E ROBERTA S.N.C.;Pompe Bianche;Altro;PAR di PAOLINI ANNA E ROBERTA snc;FRAZIONE CAMPODONICO 15 60040;FABRIANO;AN;43.22619365267606;12.86339943093094
34551;EURO ETNIC DI DUMITRESCU ILEANA ALINA;Q8;Altro;Q8;VIALE SERAFINI 71 60044;FABRIANO;AN;43.34399984103207;12.904701679944992
14664;S.A.C.A.T. - SOCIETA' AUTONOMA CARBURANTI ED AFFINI TERNANA S.R.L.;Pompe Bianche;Altro;SACAT;STRADA COMUNALE MONTE CUCCO KM.2+743  60044;FABRIANO;AN;43.34587182742734;12.860240042209625
4062;CROS S.N.C. DI ROSSI DOMENICO E CROCETTI LUCA;Total Erg;Altro;_TOTALERG;VIALE XIII LUGLIO,  80 60044;FABRIANO;AN;43.32389016005815;12.893751067089852
4996;MALVASI E CASTELLUCCI DI MALVASI ANTONIO & C. S.A.S.;Agip Eni;Strada Statale;5730;Statale 16 Adriatica, Km. 286+600, dir. nord 60015;FALCONARA MARITTIMA;AN;43.643507609566875;13.363122045993805
41070;T.D.M. S.R.L.;Tamoil;Altro;7915;Via Marconi  60015;FALCONARA MARITTIMA;AN;43.62085648943621;13.378848999999946
38884;UNIONE PETROLI S.R.L.;Pompe Bianche;Altro;ANCOIL;VIA FLAMINIA 527 60015;FALCONARA MARITTIMA;AN;43.62878700492291;13.400515056483528
17968;ANGALONE CIRO;Api-Ip;Strada Statale;API-IP;Statale 16 Adriatica, Km. 290+546, dir. falconara marittima 60015;FALCONARA MARITTIMA;AN;43.62600406376138;13.406925201416016
13978;GATTINI MASSIMO;Total Erg;Altro;Area di servizio TOTALERG di Gattini Massimo;VIA MARCONI 106 60015;FALCONARA MARITTIMA;AN;43.61898291647042;13.381632465081793
7489;BBP DI BORGNOLO LOREDANA & C. S.N.C.;Esso;Strada Statale;BBP DI BORGNOLO L. SNC;Statale 16 Adriatica, Km. 291+475, dir. ANCONA 60015;FALCONARA MARITTIMA;AN;43.61573476685612;13.394903540611267
22020;CARBURANTI RIZZUTO E GUIDI S.N.C. DI RIZZUTO FERDINANDO;Esso;Altro;Carburanti Rizzuto e Guidi Snc;VIA DEL CONSORZIO 19/A 60015;FALCONARA MARITTIMA;AN;43.61661488630719;13.372151011778215
34561;MED OIL - SOCIETA' A RESPONSABILITA' LIMITATA;Total Erg;Strada Statale;Distributore Totalerg NI006510 Falconara;Statale 3 Via Flaminia, Km. 289+416, dir. Senigallia 60015;FALCONARA MARITTIMA;AN;43.62064750293763;13.419292196631432
3717;CARBUPAN - S.R.L.;Agip Eni;Autostradale;ESINO EST;Autostrada A14 BOLOGNA-BARI-TARANTO, Km. 208+700, dir. Nord;FALCONARA MARITTIMA;AN;43.62777215962825;13.335071871528953
32479;BULAI A. DI DORCU CRISTIAN IONUT & C. SNC;Esso;Altro;Esso di Dorcu Cristian;VIA PONTE MURATO 16 60015;FALCONARA MARITTIMA;AN;43.60088053144947;13.357628314294402
22293;"IP SERVICES S.R.L.";Api-Ip;Strada Statale;FALCONARA M.MA - PALOMBINA VECCHIA;Statale 16 Adriatica, Km. 291,340, dir. ANCONA 60015;FALCONARA MARITTIMA;AN;43.62265727866362;13.414276442956862
32355;GOLDENGAS - SOCIETA' PER AZIONI;Agip Eni;Altro;GOLDENGAS stazione di servizio Eni;Via Marconi 156 60015;FALCONARA MARITTIMA;AN;43.612424171913;13.376035541296005
38617;GOLDENGAS - SOCIETA' PER AZIONI;Agip Eni;Altro;GOLDENGAS stazione di servizio Eni Falconara Sanzio Ovest;STRADA STATALE 16 KM  291+455 DX 60015;FALCONARA MARITTIMA;AN;43.61493898230711;13.394765406847
19754;F.M.C. DI CARLETTI FABIO & C. S.N.C.;Pompe Bianche;Altro;metano fmc CARLETTI;VIA CLEMENTINA 1/A 60015;FALCONARA MARITTIMA;AN;43.64004053970042;13.368518650531769
5358;ZETAPI DI ZANNINI S. & PANNI E. S.N.C.;Api-Ip;Strada Statale;PV 40111;Statale 16 Adriatica, Km. 287 + 740, dir. nord;FALCONARA MARITTIMA;AN;43.637493347910485;13.376109038687104
5356;ZETAPI DI ZANNINI S. & PANNI E. S.N.C.;Api-Ip;Strada Statale;PV 40192;Statale 76 della Val d'Esino, Km. 5, dir. est;FALCONARA MARITTIMA;AN;43.613480167679505;13.378501569128388
27567;S. SANZIO S.R.L.;Pompe Bianche;Altro;s.sanzio srl;VIA PIETRO MAURI 25 60015;FALCONARA MARITTIMA;AN;43.60443269223151;13.363383474931652
5374;SCHIAROLI GIULIANO & C. - S.N.C.;Agip Eni;Altro;Schiaroli Giuliano & C. s.n.c.;VIA FLAMINIA 669/B 60015;FALCONARA MARITTIMA;AN;43.633669122376354;13.386601840353364
24895;SHABANI ENVER DISTRIBUTORE DI CARBURANTI E LUBRIFICANTI "API";Esso;Strada Statale;SHABANI ENVER DISTRIBUTORE DI CARBURANTI E LUBRIFICANTI "API";Statale 16 Adriatica, Km. 285+460, dir. sud 60015;FALCONARA MARITTIMA;AN;43.647893665117;13.350144177675247
32707;SIMONETTI MARIO S.R.L.;Api-Ip;Altro;Stazione di Servizio IP - Falconara M.ma;VIA MARCONI SN 60015;FALCONARA MARITTIMA;AN;43.61718632683586;13.380273265357118
26698;SERPENTINI SONIA;Agip Eni;Altro;ENI DI SERPENTINI SONIA;VIA DELL'INDUSTRIA 32/A 60024;FILOTTRANO;AN;43.438128153737146;13.355235802271864
26486;SIMONETTI MARIO S.R.L.;Simonetti Petroli;Altro;Stazione di Servizio IS - Filottrano;VIA DELL'INDUSTRIA 79/B 60024;FILOTTRANO;AN;43.44015984836374;13.344651176154002
16294;G.M. DI MANCINELLI LUCIANO E C. S.A.S.;Agip Eni;Altro;G.M. di Mancinelli Luciano e C. s.a.s.;LOCALITA' S.S.FRASASSI  60040;GENGA;AN;43.43866362097183;12.902426956764202
16820;GAROFOLI DAVIDE E C. S.A.S.;Api-Ip;Altro;GAROFOLI DAVIDE SAS;FRAZIONE PIANELLO 25 60040;GENGA;AN;43.40696634688502;12.938133615938568
14725;ESINA OIL DI SPADINI ATTILIO E BUSELLI CRISTIANO S.N.C.;Pompe Bianche;Altro;Beyfin;Via Roma, 198 bis, 60035;JESI;AN;43.506380351418194;13.215184807777405
19287;S.A.B. DI SERRANI LIDUINO E C. - S.N.C.;Esso;Strada Statale;coppetella est;Statale 76 dir dell'Aeroporto Raffaello Sanzio, Km. 67.504, dir. nord;JESI;AN;43.57665082748944;13.32518219947815
35347;PETROLIFERA ADRIATICA S.P.A.;Retitalia;Altro;DISTRIB. Retitalia Loc. Roncaglia;Loc. Roncaglia 35 60035;JESI;AN;43.5472453952479;13.273318335413933
10031;CONSORZIO AGRARIO PROVINCIALE DI ANCONA SOCIETA' COOPERATIVA;Pompe Bianche;Altro;DISTRIBUTORE CAP ANCONA;VIALE TRIESTE 24 60035;JESI;AN;43.5210284296023;13.249891658464207
32777;FAST SERVICE DI ROMAGNOLI DORIANO E PIRANI PATRIZIA - S.N.C.;Agip Eni;Altro;FAST SERVICE SNC;VIA ANCONA 68 60035;JESI;AN;43.534733677570514;13.2574705594551
18949;FREDDI ROBERTO;Esso;Altro;FREDDI ROBERTO;VIA ANCONA 3 60035;JESI;AN;43.53051926831592;13.252770465081767
14499;IL QUADRATO - SOCIETA COOPERATIVA A RESPONSABILITA  LIMITATA;Pompe Bianche;Altro;IL QUADRATO SOC.COOP ARL;VIA GUGLIELMO MARCONI 166 60035;JESI;AN;43.51551586143457;13.25447273016357
32713;"IP SERVICES S.R.L.";Api-Ip;Altro;JESI - GIUSEPPE VERDI;VIALE GIUSEPPE VERDI 12 60035;JESI;AN;43.52104165220336;13.230882390213083
14407;JESI  1  S.R.L.;Total Erg;Altro;JESI 1 S.R.L.;VIA PIANDELMEDICO 99 60035;JESI;AN;43.488544234669526;13.218368589878082
34670;L.M. DI MONTESI LUCIANO & BELLAGAMBA MASSIMO S.N.C.;Agip Eni;Altro;l.m.di montesi e bellagamba snc;VIA ROMA 123/A 60035;JESI;AN;43.511354600082555;13.229409502971635
41088;ITALPLAST SRL;OIL ONE;Altro;OILONE;VIA PARADISO SNC 60035;JESI;AN;43.53628773554492;13.209673090429646
18628;CFC OIL S.R.L.;Pompe Bianche;Altro;PB;VIA PAPA GIOVANNI XXIII SNC 60035;JESI;AN;43.52411706975128;13.236207962036133
12874;FRANCIONI GINO;Q8;Altro;Q8;VIA ANCONA 87 60035;JESI;AN;43.559181202986466;13.288211431796299
23957;STAZIONE DI SERVIZIO DI BASTIANELLI MARINA;Esso;Altro;STAZIONE DI SERVIZIO DI BASTIANELLI MARINA;V.le Vittoria 46 60035;JESI;AN;43.522121653863096;13.240531086921692
8209;CONSORZIO AUTOTRASPORTATORI MARCHIGIANI - C.A.M. - SOCIETA' COOPE RATIVA CONSORTILE  IN SIGLA  C.A.M. SOC. COOP. CONS.;Pompe Bianche;Strada Statale;Stazione di Servizio Interporto Marche;Statale 76 della Val d'Esino, Km. 66, dir. ambo le  direzioni;JESI;AN;43.56755005516554;13.307297229766845
40765;SIMONETTI MARIO S.R.L.;Api-Ip;Altro;Stazione di Servizio IP - Jesi;VIA GUGLIELMO MARCONI 171 60035;JESI;AN;43.51396892583735;13.254521056051771
23463;STAZIONE DI SERVIZIO PIT STOP DI RAFFAELLI IVANO & C. S.N.C.;Agip Eni;Altro;Stazione di servizio Pit Stop s.n.c.;VIA MINONNA 67/A 60035;JESI;AN;43.50121134680422;13.269006205032383
4423;STAZIONE DI SERVIZIO DI BASTIANELLI MARINA;Pompe Bianche;Altro;STAZIONE M3;VIA ROMA 210 60035;JESI;AN;43.50595775597102;13.190446217790964
34831;STOP ' N '  GO S.A.S. DI SABBATINI STEFANIA E C.;Pompe Bianche;Altro;Stop'n'go;VIA PASQUINELLI SNC 60035;JESI;AN;43.535386658584905;13.26470658079245
14497;MAZZARINI PRIMO;Total Erg;Altro;TOTALERG MAZZARINI PRIMO;VIALE DON MINZONI 9/BIS 60035;JESI;AN;43.52636533673229;13.25541603569036
34661;GROUP GIRARDI SERVICE DI ANTIGNANO ANTONIO & C. S.A.S.;Total Erg;Altro;TOTALERG SPA;VIA ANCONA 48 60035;JESI;AN;43.532938943922325;13.255215436220169
4419;AL.GA.SA. S.N.C. DI SCOPINI ALMO & C.;Agip Eni;Strada Statale;al.ga.sa.;Statale 16 Adriatica, Km. 325+814, dir. nord 60025;LORETO;AN;43.436824177195426;13.643560409545898
16921;BARTOLACCI RENATO;Agip Eni;Altro;bartolacci renato;VIA MANZONI  60025;LORETO;AN;43.4434426758687;13.618723154067993
19005;T.S. DI TESTASECCA CARLO & C. - S.N.C.;Agip Eni;Altro;Eni Testasecca & c.;VIA MANZONI  60025;LORETO;AN;43.44670297084552;13.608900904655457
12692;PATARCA DI PATARCA MIRKO & C. SAS;Esso;Strada Statale;ESSO;Statale 77 della Val di Chienti, Km. 122,538, dir. porto recanati 60025;LORETO;AN;43.440810475993025;13.62305760383606
16447;METANO LORETO - S.A.S. DI BULDORINI PIETRO & C.;Natural Gas;Altro;METANO LORETO SAS;VIA SELVE  60025;LORETO;AN;43.434585128429305;13.645456731319427
14663;PESARESI MASSIMO;Api-Ip;Altro;PESARESI MASSIMO;S. P. BELLALUCE KM 2 +827  60025;LORETO;AN;43.43055712524201;13.63601803779602
39030;STAZIONE DI SERVIZIO ENI DI ROSSI GIACOMO;Agip Eni;Altro;STAZIONE DI SERVIZIO ENI;VIA RISORGIMENTO 290 60030;MAIOLATI SPONTINI;AN;43.50279505515921;13.139782506186293
17104;ROUTE 76 S.R.L.;Interpetrol;Altro;route 76 s.r.l.;STRADA STATALE 76 KM.44  60030;MERGO;AN;43.46547341275565;13.056532144546509
4602;S.A.M. - SOCIETA' AUTOTRAZIONE METANO DI BRUNETTI ANTONIO & C. S.A.S.;Pompe Bianche;Altro;SAM METANO;VIA MONTIRONE 8 60030;MERGO;AN;43.45936936526418;13.051340728998184
19941;INTERPETROL - S.R.L.;Interpetrol;Altro;ENI Monsano;VIA SAN UBALDO 38 60030;MONSANO;AN;43.55677667283007;13.281522542238235
9011;LA CESOLA S.N.C. DI CIARMATORI ROSSANO E C.;Q8;Strada Statale;LA CESOLA S.N.C. di Ciarmatori R. e C.;Statale 76 della Val d'Esino, Km. 51+500, dir. Ancona;MONTE ROBERTO;AN;43.487701309574796;13.189635974987823
13373;PAPA GIUSEPPE & PAPA ENEA S.N.C.;Agip Eni;Strada Statale;STAZIONE SERVIZIO ENI DI PAPA SNC;Statale 76 della Val d'Esino, Km. 51+485, dir. FABRIANO;MONTE ROBERTO;AN;43.488312663195785;13.190497756004333
13976;CARLETTI FABIO;Api-Ip;Altro;Distrbutore IP;VIA BORGHETTO 50 60037;MONTE SAN VITO;AN;43.597378942464935;13.293015612268391
13789;ACEMA S.P.A.;Tamoil;Altro;Tamoil Monte S.Vito;STRADA STATALE 76 KM 71+280 S.P.VAL D'ESINO SN  60037;MONTE SAN VITO;AN;43.58561189439053;13.308598101139069
32598;"IP SERVICES S.R.L.";Api-Ip;Altro;MONTECAROTTO - DEI CASTELLI;S.P 11 DEI CASTELLI  60036;MONTECAROTTO;AN;43.529740314195095;13.075845246696417
23115;"IP SERVICES S.R.L.";Api-Ip;Strada Statale;MONTEMARCIANO - MARINA;Statale 16 Adriatica, Km. 281,168, dir. Falconara  60018;MONTEMARCIANO;AN;43.66776895695006;13.306221457672109
17537;NAE CAFFE' S.A.S. - GRUPPO RUGGERI DI NAE MARIA CRISTINA;Api-Ip;Strada Statale;nae caffè;Statale 16 Adriatica, Km. 282+025, dir. nord;MONTEMARCIANO;AN;43.663750509757215;13.315770328044891
38274;GROUP GIRARDI SERVICE DI ANTIGNANO ANTONIO & C. S.A.S.;Total Erg;Strada Statale;TOTALERG S.P.A.;Statale 16 Adriatica, Km. 283+630, dir. MARINA DI MONTEMARCIANO 60018;MONTEMARCIANO;AN;43.65676882883859;13.332652151584625
3721;FRISARI GIROLAMO;Q8;Autostradale;CONERO EST;Autostrada A14 BOLOGNA-BARI-TARANTO, Km. 239+000, dir. Nord 60026;NUMANA;AN;43.48274492771117;13.595473879623341
3706;Petrolconero s.a.s;Agip Eni;Autostradale;CONERO OVEST;Autostrada A14 BOLOGNA-BARI-TARANTO, Km. 239+000, dir. Sud 60026;NUMANA;AN;43.48072123010172;13.595604255294802
23281;PETROLIFERA ADRIATICA S.P.A.;Retitalia;Altro;DISTRIB. Retitalia NUMANA;VIA DEL CONERO  60026;NUMANA;AN;43.48991223942595;13.630063533782959
32668;"IP SERVICES S.R.L.";Api-Ip;Altro;NUMANA - FLAMINIA 83;VIA FLAMINIA 83 60026;NUMANA;AN;43.510955259206376;13.62184023313523
25619;SIMONETTI MARIO S.R.L.;Simonetti Petroli;Altro;Stazione di Servizio IS - Numana;VIA DEL CONERO SNC, 60026  ;NUMANA;AN;43.49837787715404;13.619261656591789
27183;SIMONETTI MARIO S.R.L.;Simonetti Petroli;Altro;Stazione di Servizio IS - Offagna;SPADARIA 2 SIROLO-SENIGALLIA KM16+665.7  60020;OFFAGNA;AN;43.53985950780516;13.452169941863986
